Albania,Germany,2014,,2,,EC145,light helicopter,2,?,2015,New,,3.25,6.5,6.5
Algeria,Germany,2012,?,12,?,ship engine,ship engine,12,?,2015; 2016,New,MTU 16V-1163 (8050hp) diesel engine for 3 C-28A frigates from China,3,36,36
Algeria,Germany,2011,,54,,Fuchs-2,armoured personnel carrier,32,?,2014,New,EUR195 m deal,0.4,21.6,12.8
Algeria,Germany,2012,,2,,MEKO-A200,frigate,2,,2016,New,Algerian designation Erradii; option on 2 more,263.5,527,527
Algeria,Germany,2014,?,1200,?,Fuchs-2,armoured personnel carrier,957,?,2015; 2016; 2017; 2018; 2019; 2020; 2021; 2022; 2023; 2024,New,Assembled in Algeria; delivery planned 2015-2028,0.4,480,382.8
Argentina,Germany,2012,,10,,G-120TP,trainer aircraft,6,,2014,New,$26 m deal,0.4,4,2.4
Australia,Germany,2018,,78,,Boxer,armoured personnel carrier,18,?,2022; 2024,New,Part of AUD5.2 b ($3.5 b) 'Project Land-400 Phase-2' deal; incl production under licence of 66 in Australia; incl ambulance; command post; recovery and engineer versions; delivery planned 2022-2026,0.55,42.9,9.9
Australia,Germany,2018,,133,,Boxer,infantry fighting vehicle,22,?,2022; 2024,New,Part of AUD5.2 b ($3.5 b) 'Project Land-400 Phase-2' deal; incl production under licence of 120 in Australia; delivery planned 2022-2029,1.1,146.3,24.2
Australia,Germany,2014,,15,,EC135,light helicopter,15,?,2015; 2016; 2017,New,H135T2+ (EC135T2+) version; ; owned and operated by civilian company for 'HATS' programme for training of Australian military,2.25,33.75,33.75
Australia,Germany,2015,,9,,ASR-NG,air-search radar,2,?,2020; 2024,New,EUR130 m 'Project Air-5431 Phase-2'; incl for civilian air traffic control; delivery planned 2023-2025,9,81,18
Australia,Germany,2007,?,4,,ship engine,ship engine,4,,2014; 2015,New,MAN 32/40-16V (10540hp) diesel engine for 2 BPE (Canberra) amphibious assault ships from Spain,3,12,12
Australia,Germany,2016,?,4,,ship engine,ship engine,4,?,2021,New,MAN 18V32/40 diesel engine for 2 Cantabria (Supply) replenishment ships from Spain; from production line in Spain,3,12,12
Austria,Germany,2016,,18,,Dingo-2,armoured personnel carrier,18,,2017,New,EUR20 m deal,0.35,6.3,6.3
Austria,Germany,2017,,40,,Dingo-2,armoured personnel carrier,40,?,2018; 2019,New,EUR51-64 m deal,0.35,14,14
Austria,Germany,2013,,6,,Dingo-2,armoured personnel carrier,6,?,2014,New,EUR10.5 m deal; ambulance version,0.35,2.1,2.1
Bangladesh,Germany,2017,,2,,Do-228MP,maritime patrol aircraft,2,,2021; 2022,New,Do-228-212NG version,7,14,14
Bangladesh,Germany,2021,,24,,G-120TP,trainer aircraft,24,,2021; 2022,New,,0.4,9.6,9.6
Belgium,Germany,2001,,4,,NF-90 NFH,anti-submarine helicopter,3,,2014; 2015,New,Part of EUR300 m deal,10.7,42.8,32.1
Belgium,Germany,2003,,28,?,TP400-D6,turboprop,28,?,2020; 2021; 2022; 2024,New,For 7 A400M transport aircraft from Spain,3,84,84
Benin,Germany,2023,?,12,,Cavalon,light aircraft,2,?,2024,New,Cavalon Sentinel version,0.06,0.72,0.12
Bolivia,Germany,2014,,2,,EC145,light helicopter,2,,2014,New,BOB172 m ($24 m) deal,3.25,6.5,6.5
Brazil,Germany,2013,,34,,Gepard,self-propelled anti-aircraft gun,24,?,2014; 2015,Second hand,Second-hand; EUR37 m deal (incl 3 more for spare parts),3.6,122.4,86.4
Brazil,Germany,2010,,16,,ship engine,ship engine,8,,2022; 2024,New,MTU (800hp) diesel engine for 4 Scorpene submarines from France,0.25,4,2
Brunei,Germany,2012,?,1,?,OPV-80,corvette,1,,2014,New,Bruneian designation Darussalam,63,63,63
Canada,Germany,2013,,7,,ASR-NG,air-search radar,7,?,2016; 2017,New,EUR50 m deal,9,63,63
Canada,Germany,2011,,18,,Wisent-2,armoured engineer/recovery vehicle,18,,2017; 2018,New,Canadian Leopard-2A4 tanks rebuilt (under licence in Canada) to Wisent-2 recovery vehicles,2.5,45,45
Chile,Germany,2017,,3,,TRS-4D,multi-function radar,3,,2019; 2020; 2021,New,For modernization of 3 Type-23 frigates,15,45,45
Chile,Germany,2015,,1,,OPV-80,patrol ship,1,,2017,New,Part of 'Danubio-4' programme; produced in Chile; Chilean designation Piloto Pardo and PZM,40,40,40
Chile,Germany,2011,,1,,OPV-80,patrol ship,1,,2014,New,$45 m deal; part of 'Danubio-4' programme; produced in Chile; Chilean designation Piloto Pardo and PZM,36,36,36
China,Germany,2010,?,64,?,ship engine,ship engine,52,?,2014; 2015; 2016; 2017; 2018; 2019; 2020; 2021; 2022; 2024,New,Probably MTU 20V-956 TB-33 (8000-8375hp) diesel engine for 32 Type-052D (Luyang-3) destroyers produced in China; produced under licence in China,3,192,156
China,Germany,1981,?,,?,vehicle engine,vehicle engine,475,?,2014; 2015; 2016; 2017; 2018; 2019; 2020; 2021; 2022; 2023; 2024,New,Deutz BF-8L413F; BF-8L513F and BF-8L4 (320-360hp) diesel engines for YW-531 (Type-63); YW-531H (Type-85); YW-534 (Type-89); YW-535 (Type-90); WZ-551 and WMZ-551 (Type-92) armoured personnel carriers and infantry fighting vehicles; PTL-02 tank destroyers; PLL-05 self-propelled mortars; and Type-85 self-propelled guns produced in China; produced under licence in China,0.05,0,23.75
China,Germany,2008,?,8,?,ship engine,ship engine,4,,2014; 2015,New,MTU 12V-1163 (6700hp) diesel engine for 4 Type-051C (Luyang-2) destroyers produced in China; produced under licence in China,2.5,20,10
Colombia,Germany,2012,,2,,Type-206A,submarine,2,,2015,Second hand but modernized,Second-hand but modernized before delivery; EUR11 m or EUR110 m deal; Colombian designation Intr�pido; 2 more delivered for spare parts,39.6,79.2,79.2
Colombia,Germany,2014,,1,,ATR-42,transport aircraft,1,,2015,Second hand,Second-hand; for police,3.8,3.8,3.8
Colombia,Germany,2011,,1,,OPV-80,patrol ship,1,,2014,New,$66 m deal; produced under licence in Colombia as 20 de Julio,36,36,36
Colombia,Germany,2011,,1,,OPV-80,patrol ship,1,,2017,New,Produced under licence in Colombia as 20 de Julio,36,36,36
Colombia,Germany,2009,?,16,,ship engine,ship engine,4,?,2014,New,MTU 16V-1163 (7000hp) diesel engine for modernization of 4 FS-1500 (Padilla) frigates,2.5,40,10
Croatia,Germany,2014,,12,,PzH-2000 155mm,self-propelled gun,12,?,2015; 2017,Second hand,Second-hand; EUR41 m deal (incl EUR12 m for guns and EUR29 for support and spare parts),1.8,21.6,21.6
Czechia,Germany,2022,,14,,Leopard-2A4,tank,14,,2022; 2023,Second hand,Second-hand; aid,1.6,22.4,22.4
Czechia,Germany,2022,,1,,Buffel,armoured recovery vehicle,1,?,2023,New,Aid,2.25,2.25,2.25
Denmark,Germany,2017,,16,?,Leopard-2A7,tank,16,?,2020; 2021; 2022; 2023,New,Part of EUR113 m deal; Danish Leopard-2A5 rebuilt to Leopard-2A7V,5.2,83.2,83.2
Denmark,Germany,2006,?,3,,ASO-90,anti-submarine sonar,2,,2014,New,ASO-94 version for 3 Huitfeldt (PS) frigates produced in Denmark,7.5,22.5,15
Denmark,Germany,2006,?,12,,ship engine,ship engine,8,,2014,New,MTU 20V-8000 (11000hp) diesel engine for 3 Huitfeldt (PS) frigates produced in Denmark,4,48,32
Denmark,Germany,2019,,7,,PSB-2,armoured bridgelayer,7,?,2023; 2024,Second hand but modernized,Second-hand Leopard-2 tank chassis modified to Leguan ABL,0.83,5.78,5.78
Ecuador,Germany,2019,,8,,G-120TP,trainer aircraft,8,,2020; 2021; 2022,New,,0.4,3.2,3.2
Ecuador,Germany,2019,,6,,EC145,light helicopter,6,,2020; 2021,New,H145M version; Ecuadorian designation Cobra,3.25,19.5,19.5
Egypt,Germany,2018,?,7,,IRIS-T SL,SAM system,2,?,2021; 2024,New,IRIS-T SLM version; Egyptian designation Saqr,25,175,50
Egypt,Germany,2020,,1,,IPV-60,patrol ship,1,,2021,New,Part of USD158 m deal; originally ordered by Saudi Arabia but delivery embargoed by Germany and sold to Egypt,17.5,17.5,17.5
Egypt,Germany,2015,?,125,?,DM2A4 Seehecht,anti-ship/anti-submarine torpedo,125,?,2016; 2017; 2019; 2020; 2021,New,For Type-209 submarines,1.8,225,225
Egypt,Germany,1978,,1280,,Fahd,armoured personnel carrier,30,?,2014; 2015,New,Developed for assembly/production under licence in Egypt; incl Fahd-240/30 infantry fighting vehicle version,0.25,320,7.5
Egypt,Germany,2015,,4,,ship engine,ship engine,4,,2015,New,MTU 16V-4000 (2820hp) diesel engine for FREMM frigate from France,1.2,4.8,4.8
Egypt,Germany,2012,?,2,,Type-209/1400,submarine,2,,2016; 2017,New,,170,340,340
Egypt,Germany,2019,,4,,MEKO-A200,frigate,3,,2022; 2023,New,Incl 1 produced under licence in Egypt; delivery planned 2022-2025,261.25,1045,783.75
Egypt,Germany,2018,?,400,?,IRIS-T SLM,SAM,100,?,2021; 2024,New,For IRIS-T SLM SAM system,0.4,160,40
Egypt,Germany,2014,?,2,,Type-209/1400,submarine,2,,2020; 2021,New,,170,340,340
Egypt,Germany,2010,?,4,,ship engine,ship engine,4,,2015,New,MTU 16V-595 (5500hp) diesel engine for 1 Ambassador-4 corvette from USA,1.5,6,6
Egypt,Germany,2019,,25,?,DM2A4 Seehecht,anti-ship/anti-submarine torpedo,15,?,2022; 2023,New,For MEKO-A200 frigates,1.8,45,27
Egypt,Germany,2020,,9,,FPB-40,patrol boat,9,?,2020; 2021,New,Part of USD158 m deal; originally ordered by Saudi Arabia but delivery embargoed by Germany and sold to Egypt; OPB-41/CSB-40 version,12,108,108
Egypt,Germany,2014,,8,,ship engine,ship engine,8,?,2017; 2021; 2022; 2023,New,MTU 6700hp diesel engine for 4 Gowind-2500 (El Fateh) frigates from France,2.5,20,20
Egypt,Germany,2017,?,330,?,AIM-9L/I Sidewinder,short-range air-to-air missile,330,?,2018; 2019; 2020,New,Probably AIM-9L/I-1 version,0.12,39.6,39.6
Egypt,Germany,2005,,139,?,RIM-116A RAM,SAM,139,,2014,New,Part of $25 m deal; RIM-116B Block-1A version for Ambassador-4 corvettes,0.14,19.46,19.46
Egypt,Germany,2006,,12,,ship engine,ship engine,4,?,2015,New,MTU 16V-595 (5400hp) diesel engine for 3 Ambassador-4 corvettes from USA,1.5,18,6
Estonia,Germany,2022,?,,,Vulcano-GLR,guided shell,252,?,2023,New,Vulcano 155 GLR version,0.04,0,10.08
Ethiopia,Germany,2022,?,10,?,vehicle engine,vehicle engine,10,,2022; 2023,New,MTU 6R-1000 (310hp) diesel engine for 10 Despot armoured personnel carriers from Bosnia and Herzegovina,0.05,0.5,0.5
Ethiopia,Germany,2019,,6,,G-120TP,trainer aircraft,6,,2019,New,,0.4,2.4,2.4
France,Germany,2019,?,8,,ship engine,ship engine,2,,2024,New,MAN 20V32/44CR (16000hp) diesel engine for 4 Vulcano replenishment ships from Italy,5,40,10
France,Germany,2019,?,16,,ship engine,ship engine,4,,2024,New,MAN 6L27/38 (2800hp) diesel engine for 4 Vulcano replenishment ships from Italy,1.2,19.2,4.8
France,Germany,2005,?,32,?,ship engine,ship engine,28,,2015; 2016; 2017; 2018; 2019; 2021; 2022,New,MTU 16V-4000 (2820hp) diesel engine for 8 Aquitaine (FREMM) frigates produced in France,1.2,38.4,33.6
Gabon,Germany,2014,,12,,vehicle engine,vehicle engine,12,?,2015; 2016,New,OM-924 (218hp) diesel engine for 12 Aravis armoured personnel carriers from France,0.03,0.36,0.36
Greece,Germany,2022,,40,,Marder-1A3,infantry fighting vehicle,40,?,2022; 2023,Second hand,Second-hand; Marder-1A3 version; aid in return for Greece delivering BMP-1 infantry fighting vehicles as aid to Ukraine after 2022 Russian invasion of Ukraine,0.68,27.2,27.2
Greece,Germany,2020,,44,,DM2A4 Seehecht,anti-ship/anti-submarine torpedo,11,?,2024,New,EUR110 m deal; Seahake Mod-4ER version; for Type-214 submarines,1.8,79.2,19.8
Greece,Germany,2002,,1,,Type-214,submarine,1,,2016,New,Greek designation Katsonis; produced under licence in Greece; delivery delayed several years after disagreement between Greece and producer,275,275,275
Greece,Germany,2003,,8,,ship engine,ship engine,4,,2015,New,MTU 16V-595 (5800hp) diesel engine for 2 Super Vita (Rousen) missile boats from United Kingdom,1.5,12,6
Greece,Germany,2008,?,70,?,RIM-116A RAM,SAM,70,?,2020; 2022,New,For Super Vita (Rousen) FAC; supplier could be USA,0.14,9.8,9.8
Greece,Germany,2008,?,8,,ship engine,ship engine,8,,2020; 2022,New,MTU 16V-595 TE-90 (5800hp) diesel engine for 2 Super Vita (Roussen) missile boats from United Kingdom,1.5,12,12
Greece,Germany,2003,?,70,?,RIM-116A RAM,SAM,35,?,2015,New,For Super Vita (Roussen) FAC,0.14,9.8,4.9
Greece,Germany,2002,,1,,Type-209/1200,submarine,1,,2014,New,Greek Type-209/1200 (Poseidon) submarine rebuilt to new version; order for 2 more cancelled and replaced by order for 2 new Type-214; delivery delayed several years after disagreement between Greece and producer,110,110,110
Greece,Germany,2000,,3,,Type-214,submarine,2,?,2015,New,Part of EUR1.8 b Archimedes deal (offsets 115%; incl modernization of Greek shipyard for submarine production); produced under licence in Greece; Greek designation Katsonis; delivery delayed several years after disagreement between Greece and producer,275,825,550
Honduras,Germany,2023,,4,,EC145,light helicopter,2,,2024,New,H145M version; for SAR,3.25,13,6.5
Hungary,Germany,2019,,5,,Wisent-2,armoured engineer/recovery vehicle,4,?,2023; 2024,New,Delivery planned 2023-2025,2.5,12.5,10
Hungary,Germany,2018,,44,,Leopard-2A7,tank,33,?,2023; 2024,New,Part of HUF160 b ($565 m) deal; Leopard-2A7HUN (Leopard-2A7+) version; delivery planned 2023-2025,5.2,228.8,171.6
Hungary,Germany,2020,,9,,PSB-2,armoured bridgelayer,6,?,2023; 2024,New,Part of EUR2 b deal; designation uncertain (reported as 'armoured vehicle launched bridges'),1.25,11.25,7.5
Hungary,Germany,2017,?,2,,A319,transport aircraft,2,,2018,Second hand,Second-hand,13.2,26.4,26.4
Hungary,Germany,2020,,9,,Buffel,armoured recovery vehicle,9,?,2022; 2023; 2024,New,Part of EUR2 b deal,2.25,20.25,20.25
Hungary,Germany,2020,,109,?,Lynx KF-41,infantry fighting vehicle,45,?,2022; 2023; 2024,New,Part of EUR2 b deal; incl production under licence in Hungary; delivery planned 2022-2029,2.2,239.8,99
Hungary,Germany,2018,,12,,Leopard-2A4,tank,12,?,2020; 2021,Second hand,Second-hand; part of HUF160 b ($565 m) deal; for training,1.6,19.2,19.2
Hungary,Germany,2018,,20,,EC145,light helicopter,20,,2019; 2020; 2021,New,Armed H145M (EC145M) version,3.25,65,65
Hungary,Germany,2018,,24,,PzH-2000 155mm,self-propelled gun,24,?,2022; 2023; 2024,New,Part of HUF160 b ($565 m) deal; delivery planned 2022-2025,4.5,108,108
India,Germany,2005,,24,,ship engine,ship engine,20,,2017; 2019; 2021; 2022,New,MAN or MTU 16V-396 (750hp) diesel engine for 6 Scorpene submarines from France,0.12,2.88,2.4
India,Germany,2017,,100,?,vehicle engine,vehicle engine,100,?,2018; 2019; 2020; 2021,New,MT-881 Ka-500 (1000hp) diesel engine for 100 K-9 self-propelled guns from South Korea,0.16,16,16
India,Germany,2000,?,155,?,vehicle engine,vehicle engine,10,?,2014,New,MTU-838 Ka-501 (1400hp) diesel engine; for 124 Arjun tanks produced in India (incl spare engines),0.3,46.5,3
India,Germany,2015,?,14,,Do-228,light transport aircraft,14,?,2015; 2016; 2017; 2019; 2020,New,,2.2,30.8,30.8
India,Germany,2014,?,16,?,ACTAS,anti-submarine sonar,12,?,2019; 2020; 2021; 2022; 2023; 2024,New,For modernization of 3 Delhi (Project-15) and 3 Kolkata (Project-15A) destroyers and 3 Talwar (Project-11356); 3 Shivalik (Project-17) frigates and 4 Kamorta (Project-28) frigates; incl 10 produced under licence in India,11,176,132
India,Germany,1979,?,24730,?,MILAN,anti-tank missile,4730,?,2014; 2015; 2016; 2017; 2018; 2019; 2020; 2021; 2022; 2023,New,MILAN-2 and MILAN-2T version; ordered from French-German company; most produced under licence in India; incl for BMP-2 infantry fighting vehicles,0.01,247.3,47.3
India,Germany,2011,?,4,?,BR710,turbofan,4,?,2015,New,For 2 Global-5000 AGS aircraft from Canada and Israel,2.5,10,10
India,Germany,2023,,6,,Do-228,light transport aircraft,2,,2023,New,INR6.7 b ($81 m) deal; produced under licence in India,2.2,13.2,4.4
India,Germany,2016,?,12,,Do-228MP,maritime patrol aircraft,9,?,2019; 2020; 2021,New,Produced under licence in India,7,84,63
India,Germany,2012,?,14,,Do-228MP,maritime patrol aircraft,13,?,2014; 2015; 2016,New,$280 m deal; incl for coast guard,7,98,91
Indonesia,Germany,2017,?,6,,G-120TP,trainer aircraft,6,,2018,New,,0.4,2.4,2.4
Indonesia,Germany,2014,?,6,,G-120TP,trainer aircraft,6,,2015,New,,0.4,2.4,2.4
Indonesia,Germany,2009,?,24,?,ship engine,ship engine,12,?,2014,New,MAN D-2862 (1800hp) diesel engine for 8 KCR-40 missile boats produced in Indonesia,0.25,6,3
Indonesia,Germany,2012,,3,,Buffel,armoured recovery vehicle,3,?,2016,Second hand but modernized,Second-hand Leopard-2 tank modified to Buffel ARV,1.49,4.46,4.46
Indonesia,Germany,2012,,2,,BPz-2,armoured recovery vehicle,2,?,2015,Second hand,Second-hand; part of EUR216 m deal,0.56,1.12,1.12
Indonesia,Germany,2012,,3,,PiPz-1,armoured engineer vehicle,3,,2016,Second hand,Second-hand; part of EUR216 m deal,0.7,2.1,2.1
Indonesia,Germany,2012,,3,,BrPz-1 Biber,armoured bridgelayer,3,,2015; 2016,Second hand,Second-hand; part of EUR216 m deal,0.4,1.2,1.2
Indonesia,Germany,2011,?,12,?,ship engine,ship engine,12,,2014; 2019; 2023,New,MTU 12V4000 (4800hp) diesel engine for 6 KCR-60 missile boats produced in Indonesia,1.5,18,18
Indonesia,Germany,2012,,42,,Leopard-2A4,tank,40,,2014; 2015,Second hand,Second-hand; part of EUR216 m deal,1.6,67.2,64
Indonesia,Germany,2012,,37,,vehicle engine,vehicle engine,37,?,2014; 2015,New,MB OM-366 (240hp) diesel engine for 37 CAESAR self-propelled guns from France,0.03,1.11,1.11
Indonesia,Germany,2012,,42,?,Marder-1A3,infantry fighting vehicle,40,?,2014; 2015,Second hand,Second-hand (possibly modernized before delivery; 8 more delivered for spare parts only); part of EUR216 m deal,0.68,28.56,27.2
Indonesia,Germany,2011,,18,,G-120TP,trainer aircraft,8,,2014,New,$72 m deal,0.4,7.2,3.2
Indonesia,Germany,2012,,61,,Leopard-2A4,tank,61,,2016; 2017,Second hand but modernized,Second-hand but modernized to Leopard-2RI before delivery,2.64,161.04,161.04
Indonesia,Germany,2017,,18,,vehicle engine,vehicle engine,18,,2019; 2020,New,MB OM-366 (240hp) diesel engine for 18 CAESAR self-propelled guns from France,0.03,0.54,0.54
Indonesia,Germany,2019,,2,,MHV-60,MCM ship,2,,2023,New,$204 m deal,57.5,115,115
Indonesia,Germany,2011,,12,,ship engine,ship engine,12,,2017; 2018; 2021,New,MTU 12V-493 (�1250hp) diesel engine for 3 Type-209/1400 (Nagapasa) submarines from South Korea,0.25,3,3
Indonesia,Germany,2011,,3,,KaleidoScope,submarine sonar,3,,2017; 2018; 2021,New,For 3 Type-209/1400 (Nagapasa) submarines from South Korea,20,60,60
Iraq,Germany,2013,,90,?,AIM-9L Sidewinder,short-range air-to-air missile,90,?,2015,Second hand but modernized,Second-hand AIM-9L modernized to AIM-9L/I-1 version before delivery,0.07,6.53,6.53
Iraq,Germany,2015,,200,,MILAN,anti-tank missile,200,,2016,Second hand,Second-hand; aid; for Kurdish Regional Government to use against Islamic State rebels,0,0.8,0.8
Iraq,Germany,2015,,5,,Dingo-2,armoured personnel carrier,5,,2016,Second hand,Second-hand; Dingo-1 version; for Kurdish Regional Government to use against Islamic State rebels,0.14,0.7,0.7
Iraq,Germany,2014,,15,,Dingo-2,armoured personnel carrier,15,,2014; 2015,Second hand,Second-hand; Dingo-1 version; for Kurdish Regional Government to use against Islamic State rebels,0.14,2.1,2.1
Iraq,Germany,2014,,1200,?,MILAN,anti-tank missile,1200,?,2014; 2015; 2016,New,Aid; for Kurdish Regional Government to use against Islamic State rebels,0.01,12,12
Iraq,Germany,1981,,8,,ship engine,ship engine,8,,2017,New,MTU-20V-956 TB-92 (5030hp) diesel engine; for 2 Assad corvettes from Italy,1.5,12,12
Israel,Germany,2006,,2,,Dolphin Batch-2,submarine,2,,2014; 2015,New,EUR1 b deal (33% financed by FRG aid),300,600,600
Israel,Germany,2002,?,150,?,DM2A4 Seehecht,anti-ship/anti-submarine torpedo,130,?,2014; 2015; 2016; 2017; 2018; 2019; 2020; 2021; 2022; 2023; 2024,New,For Dolphin submarines,1.8,270,234
Israel,Germany,2019,?,276,?,vehicle engine,vehicle engine,10,?,2023,New,MTU 750hp diesel engine (possibly 6V-890) for Eitan infantry fightuing vehicles and armoured personnel carriers in Israel; from production line in USA,0.11,30.36,1.1
Israel,Germany,2000,?,1370,?,vehicle engine,vehicle engine,550,?,2014; 2015; 2016; 2017; 2018; 2019; 2020; 2021; 2022; 2023; 2024,New,MTU MT883Ka (1500hp) diesel engine for Merkava-4 and Merkava-5 tanks and Namer armoured personnel carriers produced in Israel and modernization of older Namer; from US production line (assembled in USA from components produced in Germany),0.3,411,165
Israel,Germany,2015,,4,,MEKO PC-IN,frigate,4,?,2022; 2023,New,EUR430 m deal (incl EUR115 m paid by Germany; NIS700 m offsets; incl production of components and final fitting out in Israel); Israeli designation Saar-6 or Magen,182.25,729,729
Italy,Germany,2008,,2,,Type-212,submarine,2,,2016; 2017,New,EUR915-944 m deal; produced under licence in Italy as Todaro,275,550,550
Italy,Germany,2016,?,10,,ship engine,ship engine,8,,2022; 2023; 2024,New,MTU 20V-8000 (13000hp) diesel engine for 5 PPA frigates produced in Italy,4,40,32
Japan,Germany,2009,,15,?,EC135,light helicopter,4,?,2014; 2015,New,For training; Japanese designation TH-135,2.25,33.75,9
Japan,Germany,2017,?,24,?,ship engine,ship engine,12,?,2022; 2023; 2024,New,MAN-28V/33D diesel engine for 12 Mogami (FFM or 30DDX) frigates produced in Japan,2.5,60,30
Jordan,Germany,2017,,2,,G-120TP,trainer aircraft,2,,2018,New,,0.4,0.8,0.8
Jordan,Germany,2016,,25,?,Marder-1A3,infantry fighting vehicle,25,,2016; 2017,Second hand but modernized,Second-hand; aid; refurbished before delivery,1.12,28.05,28.05
Jordan,Germany,2019,,25,,Marder-1A3,infantry fighting vehicle,25,,2019; 2020,Second hand but modernized,Second-hand but modernized before delivery; aid,1.12,28.05,28.05
Jordan,Germany,2016,,14,,G-120TP,trainer aircraft,14,?,2016; 2017,New,,0.4,5.6,5.6
Jordan,Germany,2017,,25,,Marder-1A3,infantry fighting vehicle,25,,2018,Second hand but modernized,Second-hand; aid; refurbished before delivery,1.12,28.05,28.05
Kazakhstan,Germany,2010,,12,?,EC145,light helicopter,8,?,2014; 2015; 2016; 2017,New,Incl assembly in Kazakhstan as KH-145 (more delivered to non-military government agencies),3.25,39,26
Kazakhstan,Germany,2021,,8,,TP400-D6,turboprop,4,,2024,New,For 2 A400M transport aircraft from Spain,3,24,12
Kenya,Germany,2020,,9,,G-120TP,trainer aircraft,9,,2021,New,,0.4,3.6,3.6
Kuwait,Germany,2015,,12,,Fuchs-2,armoured personnel carrier,12,,2017,New,NBC reconnaissance version,0.4,4.8,4.8
Latvia,Germany,2008,?,5,,SWATH-125t,patrol boat,1,?,2014,New,Latvian designation Skrunda,4.6,23,4.6
Lithuania,Germany,2022,,10,,M-106,self-propelled mortar,10,,2022,Second hand,Second-hand; version with 120mm mortar; aid after invasion of Ukraine by Russia,0.2,2,2
Lithuania,Germany,2015,,22,,M-113,armoured personnel carrier,22,,2019,Second hand,Second-hand; part of EUR58 m ($65 m) deal; M-577V2 command post version,0.1,2.2,2.2
Lithuania,Germany,2015,,6,,BPz-2,armoured recovery vehicle,6,?,2016; 2017,Second hand,Second-hand (but possibly modernized before delivery); part of EUR58 m ($65 m) deal,0.56,3.36,3.36
Lithuania,Germany,2015,,18,,PzH-2000 155mm,self-propelled gun,18,?,2016; 2018; 2019; 2020; 2021; 2022,Second hand but modernized,Part of EUR58 m ($65 m) deal; second-hand but modernized before delivery; 3 more delivered for spare parts,2.97,53.46,53.46
Lithuania,Germany,2016,,2,,Boxer,armoured personnel carrier,2,?,2020,New,Driver training version,0.55,1.1,1.1
Lithuania,Germany,2016,,89,,Boxer,infantry fighting vehicle,89,?,2019; 2020; 2021; 2022; 2023,New,$435 m deal; Lithuanian designation Vilkas,1.1,97.9,97.9
Lithuania,Germany,2016,,168,,M-113,armoured personnel carrier,168,?,2019,Second hand,Second-hand; EUR1.6 m deal; M-577V2 command post version,0.1,16.8,16.8
Luxembourg,Germany,2003,,4,,TP400-D6,turboprop,4,,2020,New,For 1 A400M transport aircraft from Spain,3,12,12
Luxembourg,Germany,2018,,2,,EC145,light helicopter,2,,2019; 2020,New,EUR20 m deal; H145M version; incl for police,3.25,6.5,6.5
Malaysia,Germany,2005,,16,?,TP400-D6,turboprop,16,?,2015; 2016; 2017,New,For 4 A400M transport aircraft from Spain,3,48,48
Malaysia,Germany,2009,?,2,,DSQS-24,anti-submarine sonar,1,,2014,New,,6,12,6
Malaysia,Germany,2010,,257,?,vehicle engine,vehicle engine,257,?,2014; 2015; 2016; 2017; 2018; 2019; 2020; 2021,New,Deutz BFM-2015 (523hp) diesel engine for 257 Pars infantry fighting vehicles and armoured personnel carriers from Turkiye,0.08,20.56,20.56
Mexico,Germany,2014,,25,,G-120TP,trainer aircraft,25,,2015,New,$110 m deal; option on 15 more,0.4,10,10
Moldova,Germany,2022,,19,,Piranha-3,armoured personnel carrier,19,,2023,Second hand,Second-hand; aid; incl for Moldovan UN peacekeeping forces; Piranha-3H version,0.14,2.66,2.66
Morocco,Germany,2022,,12,?,EC135,light helicopter,8,?,2023,New,H135 version; for training,2.25,27,18
Morocco,Germany,2008,,4,,ship engine,ship engine,4,,2014,New,MTU 16V-4000 (2820hp) diesel engine for 1 FREMM frigate from France,1.2,4.8,4.8
Morocco,Germany,2020,,36,?,vehicle engine,vehicle engine,36,?,2022,New,For 36 CAESAR self-propelled guns from France,0.03,1.08,1.08
Mozambique,Germany,2014,?,6,?,Mirage,light aircraft,6,?,2015,New,GX version,0.08,0.48,0.48
Myanmar,Germany,2014,?,20,,G-120TP,trainer aircraft,20,,2015; 2016,New,,0.4,8,8
Netherlands,Germany,2016,,8,,PSB-2,armoured bridgelayer,8,?,2019; 2020; 2021,Second hand but modernized,Second-hand Leopard-2 tank chassis modified to Leguan ABL,0.83,6.6,6.6
Netherlands,Germany,2008,,10,,PiPz-3 Kodiak,armoured engineer vehicle,10,,2018,New,,2.5,25,25
Netherlands,Germany,2006,?,200,?,vehicle engine,vehicle engine,192,?,2014; 2015; 2016; 2017; 2018,New,MTU 8V-199 (350hp) diesel engine for Boxer armoured personnel carriers produced in Netherlands; assembled in Netherlands,0.05,10,9.6
Netherlands,Germany,2019,,1,,ASR-NG,air-search radar,1,?,2023,New,,9,9,9
Netherlands,Germany,2015,?,18,,Leopard-2A6,tank,18,,2018,Second hand but modernized,Second-hand but modernized to Leopard-2A6MA2 before delivery; lease,3.3,59.4,59.4
New Zealand,Germany,2016,,4,,ship engine,ship engine,4,,2020,New,MTU 20V-4000 (3500hp) diesel engine for 1 Aoteoroa support ship from South Korea,1.2,4.8,4.8
Nigeria,Germany,2012,,4,,ship engine,ship engine,4,,2014; 2016,New,MTU 20V-4000 diesel engine for 2 P-18N patrol ships from China,1.5,6,6
Norway,Germany,2022,,12,?,vehicle engine,vehicle engine,8,?,2024,New,MT-881 Ka-500 (1000hp) diesel engine for 4 K9 self-propelled guns and 8 K-10 supply vehicles from South Korea,0.16,1.92,1.28
Norway,Germany,2017,,30,?,vehicle engine,vehicle engine,30,?,2019; 2020; 2021,New,MT-881 Ka-500 (1000hp) diesel engine for 24 K9 self-propelled guns and 6 K-10 supply vehicles from South Korea,0.16,4.8,4.8
Norway,Germany,2015,,6,,Wisent-2,armoured engineer/recovery vehicle,6,?,2017; 2018; 2022,New,Second-hand Leopard-2 tanks rebuilt to Wisent ARV,2.5,15,15
Norway,Germany,2021,?,44,,PMMC-G5,armoured personnel carrier,10,?,2024,New,ACSV-G5 version; incl ALV version and as carrier of MGBADS SAM system produced in Norway,0.45,19.8,4.5
Norway,Germany,2019,,8,,PSB-2,armoured bridgelayer,5,,2023,New,Leguan ABL version; delivery planned 2023-2027,1.25,10,6.25
Oman,Germany,2007,,6,,ship engine,ship engine,2,?,2014,New,MTU 20V-8000 diesel engine for 3 Al Shamikh (Khareef) frigates from United Kingdom,4,24,8
Oman,Germany,2015,?,172,?,vehicle engine,vehicle engine,172,?,2017; 2018; 2019; 2020,New,Deutz BFM-2015 (523hp) diesel engine for 172 Pars infantry fighting vehicles from Turkiye,0.08,13.76,13.76
Pakistan,Germany,2020,,1,,ATR-72MP,anti-submarine aircraft,1,,2022,New,RAS-72 Sea Eagle version; Pakistani ATR-72 transport aircraft rebuilt in Germany to ASW aircraft,28,28,28
Pakistan,Germany,2015,,2,,ATR-72MP,anti-submarine aircraft,2,,2018; 2019,New,RAS-72 Sea Eagle version; Pakistani ATR-72 transport aircraft (acquired from Spain in 2013) rebuilt in Germany to ASW aircraft,28,56,56
Pakistan,Germany,2018,?,8,,ship engine,ship engine,2,,2023,New,Probably MTU 16V-595 (5800hp) diesel engine for 4 MilGem frigates from Turkiye,1.5,12,3
Pakistan,Germany,2012,?,8,,Luna,UAV,8,?,2019,New,Luna NG version,0.1,0.8,0.8
Peru,Germany,2019,,10,,A-200,armoured personnel carrier,10,,2021,New,Probably $2.7 m deal,0.12,1.2,1.2
Philippines,Germany,2017,?,8,,ship engine,ship engine,8,,2020; 2021,New,MTU 12V-1163 diesel engine for 2 HHI-2600 (Rizal) frigates from South Korea; from production line in South Korea,1.5,12,12
Philippines,Germany,2014,,4,,ship engine,ship engine,4,,2016; 2017,New,MAN 8LX27/38 (3900hp) diesel engine for 2 LPD-122m (Tarlac) amphibious assault ships from Indonesia; from production line in South Korea,1.2,4.8,4.8
Philippines,Germany,2017,?,130,?,AIM-9L/I Sidewinder,short-range air-to-air missile,130,?,2019; 2020,New,AIM-9L/I-1 version; for F/A-50 combat aircraft,0.12,15.6,15.6
Philippines,Germany,2021,,2,,vehicle engine,vehicle engine,2,,2022,New,MTU MT-883Ka (1500hp) diesel engine for 2 Merkava AVLB armoured bridgelayer from Israel,0.3,0.6,0.6
Philippines,Germany,2017,?,2,,TRS-3D,air/sea-search radar,2,,2020; 2021,New,For 2 HHI-2600 (Rizal) frigates from South Korea,10,20,20
Philippines,Germany,2021,,20,?,vehicle engine,vehicle engine,10,?,2022; 2023,New,MTU 8V-199 (720hp) diesel engine for 20 Sabrah tanks from Israel,0.11,2.2,1.1
Philippines,Germany,2019,,3,?,Hunter,anti-submarine sonar,1,?,2023,New,Part of PHP1.3 b deal; for modernization of 3 Hamilton (Del Pilar) OPV,6,18,6
Poland,Germany,2013,,35,?,M-113,armoured personnel carrier,35,,2015,Second hand,Second-hand; part of EUR200 m deal; command post and ambulance version,0.1,3.5,3.5
Poland,Germany,2014,?,170,?,vehicle engine,vehicle engine,96,?,2016; 2017; 2018; 2019; 2020; 2021; 2022,New,MTU MT-881 Ka-500 (1000hp) diesel engine for 170 Krab self-propelled guns produced in Poland; probably from production line in South Korea,0.16,27.2,15.36
Poland,Germany,2001,,1,,MEKO-A100,patrol ship,1,,2019,New,'Project-621 Gawron-2' programme; originally ordered as frigate but changed 2013 to OPV; produced under licence in Poland; Polish designation Slazak; 1 more cancelled and option on 5 more not used,60.5,60.5,60.5
Poland,Germany,2013,,18,,BPz-2,armoured recovery vehicle,18,?,2015; 2016,Second hand,Second-hand; part of EUR180 m deal,0.56,10.08,10.08
Poland,Germany,2013,,105,,Leopard-2A5,tank,105,?,2014; 2015,Second hand,Second-hand; part of EUR180 m deal,1.8,189,189
Poland,Germany,2013,,14,,Leopard-2A4,tank,14,,2014,Second hand,Second-hand; part of EUR180 m deal,1.6,22.4,22.4
Poland,Germany,2022,?,212,?,vehicle engine,vehicle engine,108,?,2022; 2023; 2024,New,MTU MT-811 (1050hp) diesel engine for 212 K-9 self-propelled guns and additional K-10 supply vehicles and K-11 command posts from South Korea,0.16,33.92,17.28
Qatar,Germany,2020,,15,,Gepard,self-propelled anti-aircraft gun,15,?,2021; 2022,Second hand,,3.6,54,54
Qatar,Germany,2013,,62,,Leopard-2A7,tank,62,,2015; 2016; 2017; 2018,New,Part of EUR1.9 b deal; Leopard-2A7+ version,5.2,322.4,322.4
Qatar,Germany,2016,,2,?,COBRA,artillery locating radar,2,?,2020,New,,10,20,20
Qatar,Germany,2014,?,13,,Dingo-2,armoured personnel carrier,13,?,2017,New,Reconnaissance/command post version,0.35,4.55,4.55
Qatar,Germany,2013,,6,,Wisent-2,armoured engineer/recovery vehicle,6,?,2016; 2017,New,,2.5,15,15
Qatar,Germany,2014,?,32,?,Fennek,armoured reconnaissance vehicle,32,?,2017; 2018; 2019; 2020,New,Part of EUR159 m deal,0.3,9.6,9.6
Qatar,Germany,2013,,24,,PzH-2000 155mm,self-propelled gun,24,,2015; 2016,New,Part of EUR1.9 b deal,4.5,108,108
Romania,Germany,2018,?,227,?,vehicle engine,vehicle engine,141,?,2020; 2021; 2022; 2023; 2024,New,MTU 6V-199 (586 hp) diesel engine for 127 Piranha-5 armoured personnel carriers and 100 Piranha-5 infantry fighting vehicles from Switzerland,0.08,18.16,11.28
Russia,Germany,2010,?,20,,ship engine,ship engine,20,,2014; 2015,New,MTU 16V-4000 (3650hp) diesel engine for 5 Project-21631 (Buyan-M) corvettes produced in Russia; delivery of additional engines embargoed by Germany after 2014 Russian annexation of Crimea,1.2,24,24
Saudi Arabia,Germany,2009,,1400,?,IRIS-T,long-range air-to-air missile,300,?,2014,New,For Tornado and Typhoon combat aircraft,0.2,280,60
Saudi Arabia,Germany,2018,,24,?,vehicle engine,vehicle engine,24,?,2018,New,MB OM-366 (240hp) diesel engine for 24 CAESAR self-propelled guns from France,0.03,0.72,0.72
Saudi Arabia,Germany,2014,,15,,FPB-40,patrol boat,15,,2016; 2017; 2018,New,Delivery of 18 more cancelled 2020,12,180,180
Saudi Arabia,Germany,2016,,23,,EC145,light helicopter,23,?,2017; 2018,New,EUR500 m deal; ordered via France,3.25,74.75,74.75
Saudi Arabia,Germany,2013,?,500,?,vehicle engine,vehicle engine,500,?,2016; 2017; 2018,New,OM-926 (306hp) diesel engine for 500 ARIVE armoured personnel carriers from France,0.05,25,25
Saudi Arabia,Germany,2014,,4,,Spexer-2000,ground surveillance radar,4,?,2014,New,For border surveillance,0.4,1.6,1.6
Saudi Arabia,Germany,2011,,73,?,vehicle engine,vehicle engine,23,?,2014,New,OM-924 (218hp) diesel engine for 73 Aravis armoured personnel carriers from France,0.03,2.19,0.69
Saudi Arabia,Germany,2011,,32,?,vehicle engine,vehicle engine,29,?,2014,New,MB OM-366 (240hp) diesel engine for 32 CAESAR self-propelled guns from France,0.03,0.96,0.87
Saudi Arabia,Germany,2018,,20,,ship engine,ship engine,20,?,2022; 2023; 2024,New,MTU 12V-1163 (5950hp) diesel engine for 5 Avante-2000 frigate from Spain; from production line in Spain,1.5,30,30
Saudi Arabia,Germany,2018,?,5,,TRS-4D,multi-function radar,5,,2022; 2023; 2024,New,For 5 Avante-2200 frigates from Spain,15,75,75
Saudi Arabia,Germany,2012,,191,?,vehicle engine,vehicle engine,191,?,2015; 2016,New,OM-924 (218hp) diesel engine for 191 Aravis armoured personnel carriers from France,0.03,5.73,5.73
Senegal,Germany,2019,,6,,ship engine,ship engine,6,,2023; 2024,New,MAN 175D (3000hp) diesel engine for OPV-58 armoured personnel carriers from France,1.2,7.2,7.2
Serbia,Germany,2021,,9,,EC145,light helicopter,4,?,2023; 2024,New,Armed H145M (EC145M) version; Serbian military designation H-50,3.25,29.25,13
Serbia,Germany,2021,,2,,Dingo-2,armoured personnel carrier,2,,2024,New,Aid; ambulance version,0.35,0.7,0.7
Serbia,Germany,2016,,5,,EC145,light helicopter,5,?,2018; 2019,New,H145M (EC145M) version; incl 3 armed version; Serbian designation H-50,3.25,16.25,16.25
Singapore,Germany,2012,,45,?,Leopard-2A4,tank,45,?,2016; 2017; 2018; 2019,Second hand but modernized,Second-hand but modernized before delivery; possibly rebuilt to Leopard-2A7 standard,2.64,118.8,118.8
Singapore,Germany,2013,,16,,ship engine,ship engine,16,?,2017; 2018; 2019,New,MTU 20V-4000 (5770hp) diesel engine for 8 LMV (Independence) corvettes produced in Singapore,1.5,24,24
Singapore,Germany,2017,,,,vehicle engine,vehicle engine,220,?,2019; 2020; 2021; 2022; 2023; 2024,New,MTU 8V-199 (720hp) diesel engine for Hunter infantry fighting vehicles and armoured personnel carriers produced in Singapore,0.11,0,24.2
Singapore,Germany,2013,,2,,Type-218,submarine,2,,2023; 2024,New,Type-218SG version; Singaporean designation Invincible; incl production of components in Singapore,325,650,650
Slovakia,Germany,2022,,15,,Leopard-2A4,tank,15,,2022; 2023; 2024,Second hand,Second-hand; aid (as replacement for 30 BMP-1 infantry fighting vehicles delivered to Ukraine as aid),1.6,24,24
Slovakia,Germany,2023,,2,,Skyshield-35,anti-aircraft gun system,2,,2023,Second hand,Second-hand; aid; MANTIS version,6,12,12
South Korea,Germany,2020,,12,,ship engine,ship engine,2,,2024,New,MTU 12V-4000 diesel engine for 6 Ulsan Batch-3 (FFX-3) frigates produced in South Korea,1.2,14.4,2.4
South Korea,Germany,2012,,100,?,vehicle engine,vehicle engine,100,?,2014; 2015,New,MT-883 (1500hp) diesel engine; for 100 K-2 tanks produced in South Korea; possibly produced under licence in South Korea,0.3,30,30
South Korea,Germany,2017,?,14,,ship engine,ship engine,14,?,2021; 2023,New,MTU 12V4000 diesel engine for 7 Daegu (FFX-2) frigates produced in South Korea,1.2,16.8,16.8
South Korea,Germany,2018,,90,,Taurus KEPD-350,air-to-surface missile,90,,2019; 2020,New,For F-15K combat aircraft; KEPD-350K version,0.7,63,63
South Korea,Germany,2013,,177,,Taurus KEPD-350,air-to-surface missile,177,?,2016; 2017,New,For F-15K combat aircraft; chosen after USA refused AGM-158; KEPD-350K version,0.7,123.9,123.9
South Korea,Germany,1995,?,176,?,vehicle engine,vehicle engine,10,?,2014,New,D-2848L (520hp) diesel engine for 176 K30 self-propelled anti-aircraft guns produced in South Korea; produced under licence in South Korea,0.08,14.08,0.8
South Korea,Germany,2013,?,4,,ship engine,ship engine,4,,2016,New,MTU 16V1163 (9700hp) diesel engine for 1 Nampo minelayer produced in South Korea,3,12,12
South Korea,Germany,2012,?,2,,ship engine,ship engine,2,,2018,New,MTU 12V4000 diesel engine for 1 FFX-2 (Daegu) frigate produced in South Korea,1.2,2.4,2.4
South Korea,Germany,2012,?,16,,ship engine,ship engine,16,,2014; 2017; 2018,New,MAN-12V28/33D (7300-8000hp) diesel engine; for 4 Cheon Wang Bong (LST-2) landing ships produced in South Korea,2.5,40,40
South Korea,Germany,2011,,3,,ship engine,ship engine,3,,2017; 2018; 2021,New,Siemesn Permasyn 4200hp electric engine; for 3 Type-209/1400 (Nagapasa) submarines from South Korea,1.5,4.5,4.5
South Korea,Germany,2005,?,36,?,ship engine,ship engine,12,,2014; 2018,New,MTU 16V-1163 (7840hp) diesel engine for 18 Gumdoksuri (PKX-A or PKG-A) missile boats produced in South Korea,2.5,90,30
South Korea,Germany,2008,,6,,Type-214,submarine,6,,2014; 2016; 2017; 2018; 2019; 2020,New,'KSS-2' programme; produced under licence in South Korea,275,1650,1650
South Korea,Germany,1998,?,1306,?,vehicle engine,vehicle engine,525,?,2014; 2015; 2016; 2017; 2018; 2019; 2020,New,MT-881 Ka-500 (1000hp) diesel version; for K-9 self-propelled guns and K-10 ALV produced in South Korea,0.16,208.96,84
Spain,Germany,2005,,40,,DM2A4 Seehecht,anti-ship/anti-submarine torpedo,40,?,2015; 2016; 2017; 2018,New,EUR76 m deal (incl production of components in Spain); for S-80A submarines,1.8,72,72
Spain,Germany,2016,?,36,,vehicle engine,vehicle engine,17,?,2024,New, MTU 8V-199 (710hp) diesel engine for 36 ASCOD recovery vehicles produced in Spain; produced under licence in Spain,0.11,3.96,1.87
Spain,Germany,2015,,40,?,MIM-104 PAC-2,SAM,40,?,2015,Second hand,Second-hand,0.4,16,16
Spain,Germany,2013,,8,,EC135,light helicopter,8,?,2014,New,EUR49 m deal; for training; EC135T2 version; produced under licence in Spain,2.25,18,18
Spain,Germany,2015,,2,,Patriot,SAM system,2,,2015,Second hand,Second-hand; EUR41 m deal,18.8,37.6,37.6
Spain,Germany,2009,,700,,IRIS-T,long-range air-to-air missile,425,?,2014; 2015; 2016,New,EUR291 m deal (incl production of components in Spain and Spanish funding for development),0.2,140,85
Spain,Germany,2014,,4,,ship engine,ship engine,4,,2018,New,MTU-16V-1163 (6000hp) diesel engine; or 2 Meteoro (BAM) OPV produced in Spain,1.5,6,6
Spain,Germany,2009,?,4,,Lance MTS,infantry fighting vehicle turret,4,,2014,New,For 4 Piranha-3C infantry fighting vehicles from Switzerland,0.6,2.4,2.4
Spain,Germany,2003,,83,,vehicle engine,vehicle engine,40,?,2014; 2015; 2016; 2017,New,MTU 8V-183 (600hp) diesel engine for 83 Pizarro (ASCOD) infantry fighting vehicles produced in Spain; produced under licence in Spain,0.08,6.64,3.2
Spain,Germany,2019,?,7,,NH-90 TTH,transport helicopter,1,?,2024,New,Part of EUR1.5 b deal (incl 16 NH-90 TTH version from Italy; incl production under licence in Spain); Spanish designation HD-19; delivery planned 2024-2028,7,49,7
Spain,Germany,2021,,18,,EC135,light helicopter,11,?,2023; 2024,New,H-135 and H-135M versions; for training; probably assembled or produced in Spain; delivery planned 2023-2026,2.25,40.5,24.75
Spain,Germany,2004,?,12,,ship engine,ship engine,3,,2023,New,MTU 16V-396SE-85L (1600hp) diesel engine for 4 S-80A submarines produced in Spain,0.25,3,0.75
Spain,Germany,2007,,21,?,vehicle engine,vehicle engine,7,?,2014,New,MTU 6V-183 (400hp) diesel engine for 21 Piranha-3 infantry fighting vehicles and armoured personnel carriers from Switzerland,0.05,1.05,0.35
Sweden,Germany,2022,,3,,G-120TP,trainer aircraft,3,,2024,New,Swedish designation Sk-40,0.4,1.2,1.2
Sweden,Germany,2001,,5,,NH-90 NFH,anti-submarine helicopter,5,,2015; 2016; 2017,New,Part of $660 b deal (most assembled in Finland; offsets 100% incl $220 m production in Sweden of components for 200 NH-90); Swedish designation Hkp-14F,14.5,72.5,72.5
Sweden,Germany,2021,,7,,G-120TP,trainer aircraft,7,,2023,New,Swedish designation Sk-40,0.4,2.8,2.8
Switzerland,Germany,2012,?,5,,ASR-S,air-search radar,5,?,2014; 2015; 2016,New,EUR130 m deal,4.75,23.75,23.75
Taiwan,Germany,2018,?,22,?,ship engine,ship engine,6,?,2021; 2023,New,MTU 20V-4000 (5800hp) diesel engine for 11 Tuo Jiang corvettes produced in Taiwan,1.5,33,9
Taiwan,Germany,2011,?,2,?,ship engine,ship engine,2,?,2014,New,MTU 20V-4000 (4300hp) diesel engine for 1 Tuo Jiang corvette produced in Taiwan,1.5,3,3
Thailand,Germany,2013,,1,,ACTAS,anti-submarine sonar,1,,2018,New,For 1 DW-3000 (Bhumibol Adulyadej) frigate from South Korea,11,11,11
Thailand,Germany,2018,,80,?,IRIS-T,long-range air-to-air missile,80,?,2018; 2019,New,For F-5E combat aircraft modernized to F-5TH Super Tigris version,0.2,16,16
Thailand,Germany,2013,?,2,,ship engine,ship engine,2,,2018,New,MTU 16V-1163 (7940hp) diesel engine for 1 DW-3000 (Bhumibol Adulyadej) frigate from South Korea,2.5,5,5
Thailand,Germany,2013,,21,?,vehicle engine,vehicle engine,21,?,2017,New,Deutz 6R-106 (335hp) diesel engine for 21 BTR-3 infantry fighting vehicles and tank destroyers from Ukraine,0.05,1.05,1.05
Thailand,Germany,2016,,2,?,TRML-3D,air-search radar,2,?,2018; 2019,New,For use with VL-MICA SAM system,10,20,20
Thailand,Germany,2014,,5,,EC145,light helicopter,5,,2016,New,H145M (EC645T2) version,3.25,16.25,16.25
Thailand,Germany,2014,?,100,?,IRIS-T,long-range air-to-air missile,100,?,2015; 2016; 2017,New,For F-16 combat aircraft,0.2,20,20
Thailand,Germany,2015,,6,,EC145,light helicopter,6,?,2016,New,EC145T2 version; incl for VIP transport,3.25,19.5,19.5
Thailand,Germany,2013,,1,,ASO-712,anti-submarine sonar,1,,2018,New,For 1 DW-3000 (Bhumibol Adulyadej) frigate from South Korea,7.5,7.5,7.5
Thailand,Germany,2020,,1,,TRML-3D,air-search radar,1,?,2022,New,,10,10,10
Thailand,Germany,2013,,6,,EC145,light helicopter,6,,2015,New,$33 m deal; UH-72A version; ordered via USA from US production line,3.25,19.5,19.5
Thailand,Germany,2020,,6,,EC135,light helicopter,6,?,2021,New,H135T-3H version,2.25,13.5,13.5
Thailand,Germany,2016,,2,,ship engine,ship engine,2,,2019,New,MAN-16V28/33D (4850hp) diesel engine; for 1 BVT-90 (Krabi) OPV from UK,1.5,3,3
Thailand,Germany,2011,,121,?,vehicle engine,vehicle engine,79,?,2014; 2015; 2016; 2017,New,Deutz 6R-106 TD-21 (335hp) diesel engine for 121 BTR-3 infantry fighting vehicles; armoured personnel carriers; tank destroyers and mortar carriers from Ukraine,0.05,6.05,3.95
Tunisia,Germany,2016,,5,,Spexer-2000,ground surveillance radar,5,,2017,New,Aid,0.4,2,2
Tunisia,Germany,2017,?,10,,Dingo-2,armoured personnel carrier,10,,2017,Second hand,Second-hand; aid; Dingo-1 version,0.14,1.4,1.4
Turkiye,Germany,2009,,56,,Leopard-2A4,tank,15,?,2014,Second hand,Second-hand (but probably modernized to Leopard-2NG version in Turkey after delivery),1.6,89.6,24
Turkiye,Germany,2016,?,16,,ship engine,ship engine,2,,2024,New,Probably MTU-16V-595 (5770hp) diesel engine for TF-100 (Istif or MILGEM-G) frigates produced in Turkiye,1.5,24,3
Turkiye,Germany,2014,?,4,,ship engine,ship engine,4,,2018; 2019,New,MTU-16V-195 (5800hp) diesel engine for 2 MilGem (Ada) frigates produced in Turkiye,1.5,6,6
Turkiye,Germany,2011,,6,,Type-214,submarine,1,,2024,New,EUR2.2-2.5 b deal; Type-214TN version; produced under licence in Turkiye; Turkish designation Reis; delivery planned 2024-2029,275,1650,275
Turkiye,Germany,2014,?,4,,ship engine,ship engine,2,,2021,New,MaK-8M20C (1135hp) diesel engine for 2 Dumus support ships produced in Turkiye,0.25,1,0.5
Turkiye,Germany,2015,,5,,ship engine,ship engine,5,,2023,New,MAN-3240 (10700hp) diesel engine for 1 BPE (Anadolu) amphibious assault ship from Spain; from Spanish production line,3,15,15
Turkiye,Germany,2003,,40,?,TP400-D6,turboprop,40,?,2014; 2015; 2017; 2018; 2019; 2022,New,For 10 A400M transport aircraft from Spain,3,120,120
Turkmenistan,Germany,2014,,12,,ship engine,ship engine,12,?,2015; 2016; 2017,New,MTU 20V-4000 diesel engine for 6 Dearsan 33m missile boats from Turkiye,1.5,18,18
Turkmenistan,Germany,2019,?,4,,ship engine,ship engine,4,,2021,New,MAN 18VP-185 (4400hp) diesel engine for 1 C-92 (Turkmen) frigate from Turkiye,1.5,6,6
UAE,Germany,2003,?,24,,ship engine,ship engine,12,,2015; 2016; 2017,New,MTU 12V-595(5600hp) diesel engine for 6 Baynunah corvettes from France,1.5,36,18
UAE,Germany,2014,,4,,Wisent-2,armoured engineer/recovery vehicle,4,?,2016; 2017,New,,2.5,10,10
UAE,Germany,2011,,2,,Rmah,support ship,2,,2014,New,Possibly incl for minelaying,25,50,50
UAE,Germany,2012,?,4,,BR710,turbofan,4,,2018; 2019,New,For 2 Global Express-6000 SIGINT aircraft from Canada and UK,2.5,10,10
UAE,Germany,2016,?,3,?,COBRA,artillery locating radar,3,?,2019; 2020,New,,10,30,30
UAE,Germany,2013,,10,?,DM2A4 Seehecht,anti-ship/anti-submarine torpedo,10,?,2014,New,For Rmah corvette/support ships,1.8,18,18
UAE,Germany,2017,,2,,BR710,turbofan,2,,2021,New,For 1 Global-6000 transport aircraft from Canada modified in Sweden to AEW&C/AGS aircraft,2.5,5,5
UAE,Germany,2009,,24,?,ship engine,ship engine,16,?,2014; 2015,New,MTU 12V-2000 (1800hp) diesel engine for 12 Ghannatha missile boats from Sweden,0.25,6,4
UAE,Germany,2021,,4,?,BR710,turbofan,4,,2024,New,For 2 Global-6000 transport aircraft from Canada to modified to GlobalEye AEW&C/AGS aircraft in Sweden,2.5,10,10
UAE,Germany,2015,,4,,BR710,turbofan,4,?,2020,New,For 2 Global-6000 transport aircraft from Canada modified in Sweden to AEW&C/AGS aircraft,2.5,10,10
UAE,Germany,2013,,8,,ship engine,ship engine,8,,2017,New,MTU diesel engine for 2 FOPV-850 Corvettes,1.2,9.6,9.6
Ukraine,Germany,2022,,50,,Dingo-2,armoured personnel carrier,50,,2022,Second hand,Second-hand; aid after 2022 Russian invasion of Ukraine,0.14,7,7
Ukraine,Germany,2022,,14,,PzH-2000 155mm,self-propelled gun,14,,2022,Second hand,Second-hand; aid after 2022 Russian invasion of Ukraine,1.8,25.2,25.2
Ukraine,Germany,2022,,165,,Marder-1A3,infantry fighting vehicle,140,,2023; 2024,Second hand,Second-hand; aid after 2022 Russian invasion of Ukraine,0.68,112.2,95.2
Ukraine,Germany,2022,,12,,PiPz-2 Dachs,armoured engineer vehicle,12,,2023; 2024,Second hand,Second-hand; aid after 2022 Russian invasion of Ukraine,0.8,9.6,9.6
Ukraine,Germany,2022,,5,,M-270 MLRS 227mm,multiple rocket launcher,5,?,2022,Second hand,Second-hand; aid after 2022 Russian invasion of Ukraine; MARS-2 version,0.48,2.4,2.4
Ukraine,Germany,2023,,5,?,Luna-NG,UAV,5,?,2023,New,Aid after 2022 Russian invasion of Ukraine,0.2,1,1
Ukraine,Germany,2024,,200,?,AIM-9M Sidewinder,short-range air-to-air missile,200,?,2024,Second hand,Second-hand; aid after 2022 Russian invasion of Ukraine; AIM-9/LI-1 version,0.05,9.6,9.6
Ukraine,Germany,2024,,,,AIM-7M Sparrow,long-range air-to-air missile,100,?,2024,Second hand,Second-hand; RIM-7 Sea Sparrow (SAM) version; aid after 2022 Russian invasion of Ukraine,0.07,0,7.2
Ukraine,Germany,2024,,128,?,MIM-104 PAC-3,ABM missile,128,?,2024,Second hand,Second-hand; aid after 2022 Russian invasion of Ukraine,0.32,40.96,40.96
Ukraine,Germany,2023,,16,?,TRML-4D,air-search radar,16,?,2023; 2024,New,Aid after 2022 Russian invasion of Ukraine,12,192,192
Ukraine,Germany,2024,,100,,IRIS-T,long-range air-to-air missile,100,?,2024,New,Aid after 2022 Russian invasion of Ukraine,0.2,20,20
Ukraine,Germany,2022,,26,?,BPz-2,armoured recovery vehicle,22,?,2022; 2024,Second hand,Second-hand; aid after 2022 Russian invasion of Ukraine,0.56,14.56,12.32
Ukraine,Germany,2023,,8,,AIM-7E Sparrow,long-range air-to-air missile,8,,2023,Second hand,Second-hand; RIM-7 Sea Sparrow (SAM) version; financed by Belgian aid,0.06,0.48,0.48
Ukraine,Germany,2022,,2700,?,Strela-2,portable SAM,2700,,2022,Second hand,Second-hand; aid after 2022 Russian invasion of Ukraine,0.02,43.2,43.2
Ukraine,Germany,2022,,100,?,DM-702 SMART-155,guided shell,100,?,2022,Second hand,Second-hand; aid after 2022 Russian invasion of Ukraine,0.02,1.6,1.6
Ukraine,Germany,2023,,3,,Patriot Configuration-3,SAM system,3,,2023; 2024,Second hand,Second-hand; aid after 2022 Russian invasion of Ukraine,22,66,66
Ukraine,Germany,2022,?,2,,Buffel,armoured recovery vehicle,2,,2023,Second hand,Second-hand; aid after 2022 Russian invasion of Ukraine,0.9,1.8,1.8
Ukraine,Germany,2022,,1000,?,IRIS-T SLM,SAM,700,?,2022; 2023; 2024,New,For IRIS-T SLM SAM system,0.4,400,280
Ukraine,Germany,2023,,14,,Leopard-2A4,tank,14,,2024,Second hand but modernized,Second-hand but probably modernized before delivery; financed by EUR165 m aid from Denmark and Netherlands,2.64,36.96,36.96
Ukraine,Germany,2023,,110,,Leopard-1A5,tank,103,?,2023; 2024,Second hand,Second-hand; aid after 2022 Russian invasion of Ukraine; financed by Denmark; Germany and Netherlands aid,1.04,114.4,107.12
Ukraine,Germany,2022,,27,,BrPz-1 Biber,armoured bridgelayer,27,?,2022; 2023; 2024,Second hand,Second-hand; aid after 2022 Russian invasion of Ukraine,0.4,10.8,10.8
Ukraine,Germany,2022,,55,?,Gepard,self-propelled anti-aircraft gun,42,?,2022; 2023; 2024,Second hand,Second-hand; aid after 2022 Russian invasion of Ukraine,3.6,198,151.2
Ukraine,Germany,2022,,,,Stinger,portable SAM,500,,2022,Second hand,Second-hand; aid after 2022 Russian invasion of Ukraine,0.03,0,16
Ukraine,Germany,2022,?,18,,Leopard-2A6,tank,18,,2023,Second hand,Second-hand; aid after 2022 Russian invasion of Ukraine,2,36,36
Ukraine,Germany,2022,,3,?,COBRA,artillery locating radar,3,?,2022,Second hand,Second-hand; aid after 2022 Russian invasion of Ukraine,4,12,12
Ukraine,Germany,2022,,294,?,GMLRS,guided rocket,294,?,2022,Second hand,Second-hand; aid after 2022 Russian invasion of Ukraine; for MLRS MRL,0.03,9.41,9.41
Ukraine,Germany,2023,?,10,?,Eagle,armoured personnel carrier,10,?,2023,Second hand,Eagle-1 version; second-hand; supplier uncertain; probably from Germany,0.05,0.52,0.52
Ukraine,Germany,2023,,,,BPz-2,armoured recovery vehicle,57,,2023; 2024,Second hand but modernized,Second-hand but modernixed to Wisent-1 MCT AEV version; aid after 2022 Russian invasion of Ukraine,0.92,0,52.67
Ukraine,Germany,2022,,54,?,vehicle engine,vehicle engine,54,?,2022; 2023; 2024,New,MTU MT-881 (1000hp) diesel engine for 54 Krab self-propelled guns from Poland; possibly from production line in South Korea,0.16,8.64,8.64
Ukraine,Germany,2022,?,,?,MIM-104 PAC-2,SAM,175,?,2023,Second hand,Second-hand; aid after 2022 Russian invasion of Ukraine,0.4,0,70
Ukraine,Germany,2022,,255,?,Vulcano-GLR,guided shell,255,?,2023,New,Aid after 2022 Russian invasion of Ukraine; Vulcano-GLR/SAL 155mm version; for PzH-2000 self-prooelled guns,0.04,10.2,10.2
Ukraine,Germany,2023,,120,,IRIS-T,long-range air-to-air missile,120,,2023,Second hand,Second-hand; aid after 2022 Russian invasion of Ukraine; for IRIS-T SAM launchers,0.08,9.6,9.6
Ukraine,Germany,2022,,24,,IRIS-T SL,SAM system,11,?,2022; 2023; 2024,New,Aid after 2022 Russian invasion of Ukraine; incl 12 IRIS-T SLM and 12 IRIS-T SLS; delivery planned 2022-2025,17.5,420,192.5
United Kingdom,Germany,2018,,18,,ship engine,ship engine,9,,2022; 2024,New,MTU 20V-4000 (4020hp) diesel engine for modernization of 6 Type-45 destroyers,1.5,27,13.5
United Kingdom,Germany,2019,?,4,,EC145,light helicopter,4,?,2020; 2021,New,Part of GBP183 m ($238 m) deal; for UK company for training UK armed forces in 'MFTS' programme; UK designation Jupiter HT-1,3.25,13,13
United Kingdom,Germany,2016,,23,,G-120TP,trainer aircraft,23,?,2016; 2017; 2018,New,For UK company for training of UK armed forces in 'MFTS' programme; UK designation Prefect T-1,0.4,9.2,9.2
United Kingdom,Germany,2015,,1,?,ASR-NG,air-search radar,1,?,2018,New,,9,9,9
United Kingdom,Germany,2015,,3,,EC145,light helicopter,3,?,2017,New,For UK company for training UK armed forces in 'MFTS' programme; UK designation Jupiter HT-1,3.25,9.75,9.75
United Kingdom,Germany,2015,,12,?,ship engine,ship engine,12,?,2020; 2024,New,MTU 12V-4000 diesel engine for modernization of 3 Duke (Type-23) frigates,1.5,18,18
United Kingdom,Germany,2015,,29,,EC135,light helicopter,29,,2016; 2017; 2018,New,For UK company for training UK armed forces in 'MFTS' programme; UK designation Juno HT-1,2.25,65.25,65.25
United Kingdom,Germany,2014,,589,,vehicle engine,vehicle engine,142,?,2018; 2019; 2020; 2022; 2023; 2024,New,MTU 8V-199 (820hp) diesel engine for 589 Scout-SV reconnaissance vehicles and armoured personnel carriers from Spain,0.16,94.24,22.72
United Kingdom,Germany,2019,,523,,Boxer,armoured personnel carrier,12,?,2023; 2024,New,GBP2.8 b ($3.6 b) 'MIV' programme (incl 506 produced under licence in UK); incl ambulance and command post versions,0.55,287.65,6.6
United States,Germany,2014,,155,?,EC145,light helicopter,149,?,2015; 2016; 2017; 2018; 2019; 2020; 2021; 2022; 2023; 2024,New,Produced in USA; for training; US designations UH-72A; LUH-72A or UH-72B,3.25,503.75,484.25
United States,Germany,2004,,29,?,TRS-3D,air/sea-search radar,20,?,2014; 2015; 2016; 2017; 2018; 2019; 2020; 2021; 2022; 2023; 2024,New,TRS-3D/16 version for 16 LCS-1 (Freedom) frigates and 11 Legend (NSC) patrol ships produced in USA and 1 land-based site; possibly incl production under licence in USA,10,290,200
United States,Germany,2003,?,22,?,ship engine,ship engine,16,,2014; 2015; 2017; 2019; 2021; 2023; 2024,New,MTU 20V1163 (9900hp) diesel engine for 11 Legend (NSC) patrol ships produced in USA,3,66,48
United States,Germany,2022,,96,?,vehicle engine,vehicle engine,3,?,2024,New,MTU 8V-199TE21 (820hp) diesel engine for 96 Griffin-2 (M-10 Booker) tanks produced in USA,0.16,15.36,0.48
United States,Germany,2016,,40,?,ship engine,ship engine,2,,2022,New,Fairbanks Morse-MAN 12V48/60 (19000hp) diesel engine for 20 John Lewis support ships produced in USA; produced under licence in USA,5,200,10
United States,Germany,2006,,346,?,EC145,light helicopter,59,?,2014; 2015,New,$3 b 'LUH' programme (incl 20 years support); produced under licence in USA; US designation UH-72A Lakota,3.25,1124.5,191.75
United States,Germany,2015,,6,,G-120TP,trainer aircraft,6,?,2016,New,For civilian company for training of US military,0.4,2.4,2.4
Uruguay,Germany,2023,,14,,vehicle engine,vehicle engine,14,?,2024,Second hand,For 14 Mamba Mk-7 armoured personnel carriers from USA,0.01,0.17,0.17
Venezuela,Germany,2013,,2,,Do-228,light transport aircraft,2,,2014,Second hand,Second-hand; Do-228-212 version,0.88,1.76,1.76
Venezuela,Germany,2013,,1,?,Do-228,light transport aircraft,1,,2014,New,Do-228-212NG version; originally 8 ordered but only 1 delivered,2.2,2.2,2.2
Venezuela,Germany,2006,?,32,,ship engine,ship engine,4,,2020,New,MTU 12V-1163 (5900hp) diesel engine for 4 POVZEE (Carib�) and 4 BVL (Guaicamacuto) patrol ships from Spain,1.5,48,6
