Albania,France,2009,,4,,AS-532 Cougar,transport helicopter,1,,2014,New,AS-532AL armed version,7.25,29,7.25;;;;;;;;;;;;;;
Algeria,France,2012,,2,,BlueMaster,anti-submarine sonar,2,,2016,New,UMS-4132 version for MEKO-A200 frigate from Germany,10,20,20;;;;;;;;;;;;;;
Algeria,France,2014,?,3,?,FLASH,anti-submarine sonar,3,,2016,New,Compact FLASH version for 3 Lynx Mk-140 anti-submarine helicopters from United Kingdom,2,6,6;;;;;;;;;;;;;;
Algeria,France,2020,?,2,?,ship engine,ship engine,2,,2023,New,SEMT-Pielstick 16PA-6 (6900hp) diesel engine for 1 Type-056A frigate from China;probably from production line in China,2.5,5,5;;;;;;;;;;;;;
Algeria,France,2018,,20,,FPB-98,patrol boat,20,?,2019;2020;2021,New,FPB-98 Mk-3 version,6.5,130,130;;;;;;;;;;;;
Angola,France,2016,,3,?,HSI-32,patrol boat,3,?,2019,New,Part of EUR495 m deal,5,15,15;;;;;;;;;;;;;;
Angola,France,2022,?,3,,Ocean Eagle-43,patrol boat,1,,2022,New,,11,33,11;;;;;;;;;;;;;;
Angola,France,2021,?,2,,LCT-200-70,landing ship,1,,2023,New,Angolan designation 4 de Abril;delivery planned 2023-2025,15,30,15;;;;;;;;;;;;;
Argentina,France,2014,?,5,?,Ground Observer-80,ground-surveillance radar,5,?,2015,New,,0.75,3.75,3.75;;;;;;;;;;;;;;
Argentina,France,2017,,5,,Super Etendard,FGA aircraft,5,,2019,Second hand,Second-hand;EUR12.6 m deal;Super Etendard Modernisé version ,4,20,20;;;;;;;;;;;;
Argentina,France,2017,,8,,Atar-8,turbojet,8,?,2019,Second hand,Probably second-hand;spares for Super Etendard combat aircraft,0.4,3.2,3.2;;;;;;;;;;;;;
Argentina,France,2018,,3,,Gowind,patrol ship,3,,2021;2022,New,Part of EUR319 m deal;Argentinian designation Bouchard,20.5,61.5,61.5;;;;;;;;;;;;
Argentina,France,2018,,1,,Gowind,patrol ship,1,,2019,Second hand,Second-hand;part of EUR319 m deal;Argentinian designation Bouchard,12,12,12;;;;;;;;;;;;
Argentina,France,2013,?,1,,Vigile-200,signals intelligence system,1,,2016,New,For modification of 1 Learjet-35 transport aircraft to signals intelligence aircraft,7.5,7.5,7.5;;;;;;;;;;;;;;
Armenia,France,2023,,24,?,Bastion,armoured personnel carrier,24,?,2023,New,,0.16,3.84,3.84;;;;;;;;;;;;;;
Australia,France,2011,,24,,FLASH,anti-submarine sonar,22,,2014;2015;2016,New,AQS-22 ALFS version for 24 MH-60R anti-submarine helicopters from USA;from production line in USA,2,48,44;;;;;;;;;;;
Australia,France,2003,,300,?,MU-90 IMPACT,anti-submarine torpedo,180,?,2014;2015;2016;2017,New,EUR150 m 'Joint Project-2070 Djimindi Phase-3' (incl up to 35% of components produced in Australia),0.5,150,90;;;;;;;;;;;
Australia,France,2009,?,2,,Vampyr,air-search system,2,,2014;2015,New,Vampyr-NG version for 2 BPE (Canberra) amphibious assault ships from Spain,2,4,4;;;;;;;;;;;;;
Australia,France,2005,,17,,Vampyr,air-search system,14,?,2014;2015;2016;2017,New,Vampyr-NG version for modernization of 8 MEKO-200 (Anzac) frigates,2,34,28;;;;;;;;;;;
Australia,France,2006,,35,,NH-90 TTH,transport helicopter,22,?,2014;2015;2016;2017;2018,New,AUD2 b ($1.5 b) 'Project Air-9000 Phase-3' or 'Project Air-9000 Phase-4' (incl 10 year support); assembled/produced under licence in Australia;MRH-90 version,7,245,154;;;;;;;;
Australia,France,2015,,2,,air refuel system,air refuel system,2,,2018;2019,New,For modification of 2 A330 transport aircraft to A330 MRTT tanker/transport aircraft,10,20,20;;;;;;;;;;;;;
Bahrain,France,2009,?,20,?,Black Scorpion,armoured personnel carrier,5,?,2014,New,Probably assembled in Bahrain;Bahraini designation probably Faisal,0.14,2.8,0.7;;;;;;;;;;;;;
Bangladesh,France,2012,,4,,ship engine,ship engine,4,?,2015,New,SEMT-Pielstick 16-PA6-280 diesel engine for 2 Type-056 (Shadhinata) frigates from China;probably from Chinese production line,2.5,10,10;;;;;;;;;;;;;
Bangladesh,France,2011,?,4,?,ship engine,ship engine,4,,2017,New,SEMT-Pielstick 12PA6-V-280 (5625hp) diesel engine;for 2 LPC-1 corvettes from China;from Chinese production line,1.5,6,6;;;;;;;;;;;;
Bangladesh,France,2015,,4,,ship engine,ship engine,4,,2019,New,SEMT-Pielstick 16PA6-280 diesel engine;for 2 Type-056 (Shadhinata) frigates from China;probably from Chinese production line,2.5,10,10;;;;;;;;;;;;
Belgium,France,2007,,4,,NH-90 TTH,transport helicopter,2,,2014,New,Part of EUR300 m deal;option on 2 more not used,7,28,14;;;;;;;;;;;;;
Belgium,France,2001,,4,,ENR,maritime patrol aircraft radar,2,,2014,New,For 4 NH-90 NFH anti-submarine helicopters from Germany;possibly from production line in Italy,3.5,14,7;;;;;;;;;;;;;
Belgium,France,2001,?,4,,FLASH,anti-submarine sonar,3,,2014;2015,New,For 4 NH-90 NFH anti-submarine helicopters from Germany;possibly from production line in Italy,2,8,6;;;;;;;;;;;;
Belgium,France,2013,,2,,Castor,patrol boat,2,,2014;2015,New,EUR27 m 'PRDS' programme;Belgian designation Castor,15,30,30;;;;;;;;;;;;
Belgium,France,2001,?,8,?,aircraft engine,aircraft engine,6,?,2014;2015,New,Rolls-Royce Turbomeca RTM-322 (2415hp) turboshaft engine for 4 NH-90NFH anti-submarine helicopters from Germany,0.75,6,4.5;;;;;;;;;;;;;
Benin,France,2015,?,6,?,ACMAT APC,armoured personnel carrier,6,?,2016,New,,0.16,0.96,0.96;;;;;;;;;;;;;;
Benin,France,2021,,30,?,VAB-VTT,armoured personnel carrier,30,?,2023;2024,Second hand,Second-hand;financed by EU aid,0.12,3.6,3.6;;;;;;;;;;;;
Bhutan,France,2015,,2,,EC130,light helicopter,2,?,2015;2016,New,USD7.3 m deal;H-130 (EC-130T2) version;incl for civilian roles,0.95,1.9,1.9;;;;;;;;;;;
Bolivia,France,2016,,4,,Ground Master-400,air-search radar,4,?,2019;2020,New,Part of EUR191 m ($215 m) deal;incl for civilian use,13,52,52;;;;;;;;;;;;
Bolivia,France,2013,,6,,AS-532 Cougar,transport helicopter,6,,2014;2016;2017,New,EUR161 m deal;AS-332C1e version,7.25,43.5,43.5;;;;;;;;;;;
Botswana,France,2016,,1,?,VL-MICA,SAM system,1,?,2020,New,,25,25,25;;;;;;;;;;;;;;
Botswana,France,2015,,150,?,MILAN,anti-tank missile,150,?,2016,New,,0.01,1.5,1.5;;;;;;;;;;;;;;
Botswana,France,2016,,50,?,MICA,long-range air-to-air missile,50,?,2020,New,For VL-MICA SAM system,0.4,20,20;;;;;;;;;;;;;;
Botswana,France,2016,,140,?,Mistral,portable SAM,140,?,2018;2019;2020,New,,0.09,12.6,12.6;;;;;;;;;;;;
Brazil,France,2022,,27,,AS-350/AS-550 Fennec,light helicopter,1,?,2024,New,'TH-X' programme;H125 version; for training;produced under licence in Brazil,0.9,24.3,0.9;;;;;;;;;;;
Brazil,France,2009,?,100,?,F21,anti-ship/anti-submarine torpedo,48,?,2020;2022;2023;2024,New,For Scorpene (SBR) and SNBR submarines,1.2,120,57.6;;;;;;;;;;;
Brazil,France,2008,,41,,H725 Caracal,transport helicopter,31,?,2014;2015;2016;2017;2018;2019;2020;2021,New,Part of EUR1.9 b 'H-XBR' programme;H225M version;incl 3 CSAR version;Brazilian designations H-36;HM-4;UH-15A and HU-2; produced under licence in Brazil;delivery planned 2010-2026,8,328,248
Brazil,France,2009,?,50,?,SM-39 Exocet,anti-ship missile,30,?,2022;2023;2024,New,SM-39 Block-2 version;for Scorpene (SBR) and SNBR submarines,0.75,37.5,22.5;;;;;;;;;;;
Brazil,France,2011,?,16,?,AM-39 Exocet,anti-ship missile,16,?,2021;2022;2023;2024,New,AM-39 Block-2 Mod-2 version;for EC-725 (AH-15B) helicopters;incl production of components in Brazil,0.75,12,12;;;;;;;;;
Brazil,France,2015,,1,,Foudre,amphibious assault ship,1,,2015,Second hand,Second-hand;EUR80 m ($85 m) deal;Brazilian designation Bahia,40,40,40;;;;;;;;;;;;
Brazil,France,2009,,2,,P-400,patrol boat,1,,2022,New,NAPA-500 version; produced under licence in Brazil; Brazilian designation Macae;delivery planned 2022-2026,19,38,19;;;;;;;;;;;
Brazil,France,2009,,4,,Scorpene,submarine,2,,2022;2024,New,Part of EUR6.8 b 'SDP' programme; S-BR version; produced under licence in Brazil; Brazilian designation Riachuelo;delivery planned 2022-2026,299.52,1198.08,599.04;;;;;;;;;
Brazil,France,2012,,4,,EC725 Super Cougar,anti-ship helicopter,3,,2021;2022,New,Part of EUR1.9 b 'H-XBR' programme;H225M version;Brazilian designation AH-15B and Operacio MB;produced under licence in Brazil,10.5,42,31.5;;;;;;;;;;
Brunei,France,2012,?,10,?,MM-40-3 Exocet,anti-ship/land-attack missile,10,?,2014,New,For OPV-80 (Darussalam) corvettes,1,10,10;;;;;;;;;;;;;;
Burkina Faso,France,2019,,6,,Bastion,armoured personnel carrier,6,?,2019;2020,New,Financed by EU aid,0.16,0.96,0.96;;;;;;;;;;;;;
Cameroon,France,2015,,23,?,Bastion,armoured personnel carrier,23,?,2015;2016,New,Financed by USA,0.16,3.68,3.68;;;;;;;;;;;;;
Cameroon,France,2012,,1,,Grebe,patrol boat,1,,2017,Second hand but modernized,Second-hand but modernized before delivery;Cameroon designation Dipikar,7.92,7.92,7.92;;;;;;;;;;;;;
Cameroon,France,2020,,33,,Bastion,armoured personnel carrier,33,?,2021;2022,New,For use by Cameroon peacekeepers in CAR,0.16,5.28,5.28;;;;;;;;;;;;;
Chad,France,2020,,12,?,ERC-90,armoured car,12,?,2021,Second hand,Second-hand;aid,0.32,3.84,3.84;;;;;;;;;;;;;
Chad,France,2019,,7,,Bastion,armoured personnel carrier,7,?,2019;2020,New,Financed by EU aid,0.16,1.12,1.12;;;;;;;;;;;;;
Chad,France,2020,,2,?,vehicle engine,vehicle engine,2,?,2021,Second hand,Probably second-hand;Peugeot V-6 (155hp) diesel engine; aid;spare engine for ERC-90 armoured cars,0,0.01,0.01;;;;;;;;;;;
Chile,France,2019,,5,,AS-350/AS-550 Fennec,light helicopter,5,,2020;2021;2022;2023,New,'Project Gaviota';H125 version;Chilean designation HH-50,0.9,4.5,4.5;;;;;;;;;
Chile,France,2023,?,30,?,MM-40 Exocet,anti-ship missile,15,?,2024,New,MM-40 Block-3 version;for modernized of Perry (Adelaide or Capitan Prat) frigates,0.9,27,13.5;;;;;;;;;;;;;
Chile,France,2015,?,30,?,MM-40-3 Exocet,anti-ship/land-attack missile,30,?,2016,New,For modernized Doorman (Almirante Blanco Encalada( frigates,1,30,30;;;;;;;;;;;;;;
Chile,France,2014,,1,,AS-532 Cougar,transport helicopter,1,,2016,New,H215M (AS-532) version,7.25,7.25,7.25;;;;;;;;;;;;;;
Chile,France,2011,,4,?,Ground Master-400,air-search radar,3,?,2014;2015;2016,New,,13,52,39;;;;;;;;;;;;
Chile,France,2010,?,2,,CAPTAS-4,anti-submarine sonar,1,,2015,New,For modernization of 2 Lynch (Duke or Type-23) frigates,11,22,11;;;;;;;;;;;;;;
Chile,France,2012,?,1,,AS-532 Cougar,transport helicopter,1,,2014,New,$25 m deal;AS-532 version,7.25,7.25,7.25;;;;;;;;;;;;;
China,France,1981,?,55,?,SA-321 Super Frelon,transport helicopter,5,?,2014;2015;2016,New,Chinese designation Z-8 (incl Z-8A;Z-8B;Z-8K;Z-8S and Z-8JH versions);produced under licence in China,8.85,486.75,44.25;;;;;;;;
China,France,2010,?,144,?,ship engine,ship engine,128,?,2014;2015;2016;2017;2018;2019;2020;2021,New,SEMT-Pielstick 16-PA6STC (7600hp) diesel engine for 72 Type-056 (Jiangdao) frigates produced in China;produced under licence in China,2.5,360,320;;;;;;
China,France,2000,?,208,?,ship engine,ship engine,96,,2015;2016;2017;2018;2019;2022;2023,New,SEMT-Pielstick 16-PA6-V-280 STC (7050hp) diesel engine for 2 Type-054 (Jiangkai-1) and 50 Type-054A (Jiankai-2) frigates produced in China;produced under licence in China,2.5,520,240;;;;;;;
China,France,2005,?,34,?,ship engine,ship engine,20,?,2016;2018;2019;2020,New,SEMT-Pielstick 16-PC2.6-V400 (11750hp) diesel engine for 6 Type-071 (Yuzhao) amphibious assault ships and 1 Danyao support ship produced in China;produced under licence in China,4,136,80;;;;;;;;;;
China,France,2005,?,500,?,aircraft engine,aircraft engine,410,?,2014;2015;2016;2017;2018;2019;2020;2021,New,Turbomeca Arriel-2C (850hp) turboshaft engine for some 250 Z-19 combat helicopters produced in China;produced under licence in China as WZ-8C,0.35,175,143.5;;;;;;
China,France,1988,,,?,AS365/AS565 Panther,helicopter,139,?,2014;2015;2016;2017;2018;2019;2020;2021;2022;2023;2024,New,Produced under licence in China as Z-9A or Z-9A-100 Haitun and Z-9B/G;incl Z-9WZ anti-tank version;incl for modification to Z-9C and Z-9F anti-submarine versions,3.25,0,451.75;;
Colombia,France,2015,,1,,ATR-42,transport aircraft,1,,2015,Second hand,Second-hand;ATR42-320 version,3.8,3.8,3.8;;;;;;;;;;;;;
Cote d'Ivoire,France,2013,?,3,,RPB-33,patrol boat,3,,2014;2015;2016,New,,5,15,15;;;;;;;;;;;;
Cote d'Ivoire,France,2017,?,9,?,Bastion,armoured personnel carrier,9,?,2018,New,For Cote d'Ivoire UN peacekeeping forces,0.16,1.44,1.44;;;;;;;;;;;;;;
Cote d'Ivoire,France,2014,?,1,,AS365/AS565 Panther,helicopter,1,,2014,Second hand,Second-hand;AS-365N-2 version,1.3,1.3,1.3;;;;;;;;;;;;;
Cote d'Ivoire,France,2022,,1,,P-400,patrol boat,1,,2022,Second hand,Second-hand,7.6,7.6,7.6;;;;;;;;;;;;;;
Croatia,France,2022,,60,?,Mistral,portable SAM,35,?,2023;2024,New,EUR54 m deal;Mistral-3 version,0.09,5.4,3.15;;;;;;;;;;;;
Croatia,France,2021,,12,,Rafale,FGA aircraft,8,,2023;2024,Second hand,Second-hand;EUR999 m deal;Rafale F3-R version (incl 2 Rafale-B trainer/combat version);delivery planned 2023-2025,22,264,176;;;;;;;;;;
Cyprus,France,2019,,20,?,MM-40-3 Exocet,anti-ship/land-attack missile,20,?,2020;2021,New,For 1 Exocet coast defence system,1,20,20;;;;;;;;;;;;;
Czechia,France,2019,,62,,TITUS,armoured personnel carrier,62,?,2023;2024,New,CZK6b ($264 m) deal; produced under licence in Czechia;incl 40 command post and 20 artillery command versions,0.27,16.74,16.74;;;;;;;;;;;
Denmark,France,2020,,9,?,FLASH,anti-submarine sonar,4,?,2023;2024,New,ASQ-22 ALFS version for 9 MH-60R anti-submarine helicopters from USA; from production line in USA;delivery planned 2023-2026,2,18,8;;;;;;;;;;;
Djibouti,France,2020,?,6,,MO-120-RT 120mm,mortar,6,,2021,New,Possibly second-hand;designation uncertain (reported as '120mm Mortar'),0.3,1.8,1.8;;;;;;;;;;;;;
Ecuador,France,2017,,2,,AS-350/AS-550 Fennec,light helicopter,2,,2018,New,USD5.4 m. deal;AS-350B3 version,0.9,1.8,1.8;;;;;;;;;;;;;
Ecuador,France,2008,,2,,S-CUBE,submarine sonar,1,,2014,New,For modernization of 2 Type-209 submarines,5,10,5;;;;;;;;;;;;;;
Ecuador,France,2010,,9,,AS-350/AS-550 Fennec,light helicopter,3,?,2014;2015,New,Incl 2 AS-350B2 and 7 AS-550C3 version,0.9,8.1,2.7;;;;;;;;;;;;;
Egypt,France,2015,,500,?,AASM Hammer,air-to-surface missile,500,?,2016;2017;2018;2019,New,For Rafale combat aircraft,0.2,100,100;;;;;;;;;;;
Egypt,France,2015,,150,?,MICA,long-range air-to-air missile,150,?,2015;2016;2017;2018;2019,New,For Rafale combat aircraft,0.4,60,60;;;;;;;;;;
Egypt,France,2021,,4,,VL-MICA-M,naval SAM system,3,,2022;2023,New,For MEKO-200 frigates;VL-MICA NG version,5,20,15;;;;;;;;;;;;
Egypt,France,2014,,4,,Gowind-2500,frigate,4,?,2017;2021;2022;2023,New,EUR1 b deal (incl option on 2 more);incl 3 produced under licence in Egypt;Egyptian designation El Fateh,211,844,844;;;;;;;;;
Egypt,France,2020,,2,,BlueMaster,anti-submarine sonar,2,,2020;2021,New,For 2 FREMM frigates from Italy,10,20,20;;;;;;;;;;;;;
Egypt,France,2012,,173,?,Sherpa,armoured personnel carrier,77,,2014,New,,0.25,43.25,19.25;;;;;;;;;;;;;;
Egypt,France,2015,?,50,?,Storm Shadow/SCALP-EG,air-to-surface missile,50,?,2021;2022,New,SCALP version;for Rafale combat aircraft,0.64,32,32;;;;;;;;;;;;
Egypt,France,2015,,12,?,TALIOS,aircraft electro-optical system,12,?,2016;2017;2018,New,For Rafale combat aircraft,1,12,12;;;;;;;;;;;;
Egypt,France,2015,,15,?,MM-40-3 Exocet,anti-ship/land-attack missile,15,?,2015,New,For FREMM frigate,1,15,15;;;;;;;;;;;;;;
Egypt,France,2015,,2,,Mistral,amphibious assault ship,2,,2016,New,EUR950 m ($1 b) deal;originally produced for Russia but cancelled 2015 after EU sanctions on Russia and sold to Egypt;Egyptian designation Nasser,338.5,677,677;;;;;;;;;;;;
Egypt,France,2015,,100,?,MICA,long-range air-to-air missile,100,?,2017;2021;2022;2023,New,For Gowind frigates,0.4,40,40;;;;;;;;;;;
Egypt,France,2022,?,100,?,Akeron-MP,anti-tank missile,100,?,2022;2023,New,,0.03,3,3;;;;;;;;;;;;;
Egypt,France,2015,,24,,Rafale,FGA aircraft,24,,2015;2016;2017;2018;2019,New,Part of $5.2-6 b deal;incl 8 Rafale-EM and 16 Rafale-DM version,55,1320,1320;;;;;;;;;
Egypt,France,2010,?,1,,MRR-3D,air-search radar,1,,2015,New,For 1 Ambassador-4 corvette from USA,10,10,10;;;;;;;;;;;;;;
Egypt,France,2006,?,3,,MRR-3D,air-search radar,1,,2015,New,For 3 Ambassador-4 corvettes from USA;possibly from production line in USA,10,30,10;;;;;;;;;;;;;
Egypt,France,2019,?,60,?,MM-40-3 Exocet,anti-ship/land-attack missile,45,?,2022;2023,New,For MEKO-200 frigates from Germany,1,60,45;;;;;;;;;;;;;
Egypt,France,2015,,25,?,ASTER-15 SAAM,SAM,25,?,2015,New,For FREMM frigate,0.3,7.5,7.5;;;;;;;;;;;;;;
Egypt,France,2014,?,50,?,MM-40-3 Exocet,anti-ship/land-attack missile,50,?,2017;2021;2022;2023,New,For Gowind frigates,1,50,50;;;;;;;;;;;
Egypt,France,2020,,200,?,MICA,long-range air-to-air missile,150,?,2022;2023,New,MICA-NG version;for MEKO-200 frigates from Germany,0.4,80,60;;;;;;;;;;;;
Egypt,France,2019,,50,?,MU-90 IMPACT,anti-submarine torpedo,35,?,2022;2023,New,For 4 MEKO-200 frigates,0.5,25,17.5;;;;;;;;;;;;;
Egypt,France,2015,,1,,FREMM,frigate,1,,2015,New,,482.95,482.95,482.95;;;;;;;;;;;;;;
Egypt,France,2015,,2,,EDAR,landing craft,2,,2016,New,For use with Mistral AALS,10,20,20;;;;;;;;;;;;;;
Estonia,France,2015,,100,?,Mistral,portable SAM,100,?,2015;2017;2018;2019,New,EUR24 m deal;Mistral M3 version,0.09,9,9;;;;;;;;;;
Estonia,France,2009,,2,,Ground Master-400,air-search radar,1,,2015,New,EUR28 m 'MRR-2010' project (part of EUR200 m deal incl 12 for Finland);GM-403 version;for 'BALTNET' air surveillance network,13,26,13;;;;;;;;;;;;
Estonia,France,2018,,100,?,Mistral,portable SAM,100,?,2020;2021;2022,New,Mistral-3 version,0.09,9,9;;;;;;;;;;;;
Ethiopia,France,2015,,12,,Bastion,armoured personnel carrier,12,?,2016,New,Financed by aid from USA,0.16,1.92,1.92;;;;;;;;;;;;;;
Finland,France,2023,,500,?,BONUS-2,guided shell,250,?,2024,New,EUR35 m deal,0.04,20,10;;;;;;;;;;;;;;
Finland,France,2014,,360,,BONUS-2,guided shell,360,?,2014;2015;2016,New,EUR16 m deal,0.04,14.4,14.4;;;;;;;;;;;;
Finland,France,2009,,12,,Ground Master-400,air-search radar,8,?,2014;2015,New,Part of EUR200 m deal (incl 2 more for Estonia);Ground Master-403 version;Finnish designation KEVA-2010,13,156,104;;;;;;;;;;;
Gabon,France,2020,,4,,AML,armoured car,4,,2023,Second hand but modernized,Second-hand but modernized to AML-90NG version before delivery;for Republican Guard,0.46,1.85,1.85;;;;;;;;;;;;;
Gabon,France,2014,,8,,Aravis,infantry fighting vehicle,8,?,2015;2016,New,,0.87,6.96,6.96;;;;;;;;;;;;;
Gabon,France,2018,?,5,,VAB-VTT,armoured personnel carrier,5,,2019,Second hand,Second-hand; aid;for Gabonese UN peacekeeping forces in Central African Republic,0.12,0.6,0.6;;;;;;;;;;;;
Gabon,France,2016,?,5,?,Bastion,armoured personnel carrier,5,?,2019,New,,0.16,0.8,0.8;;;;;;;;;;;;;;
Georgia,France,2015,,20,?,Mistral,portable SAM,20,?,2018,New,EUR50 m deal,0.09,1.8,1.8;;;;;;;;;;;;;;
Georgia,France,2015,,1,,Ground Master-400,air-search radar,1,,2018,New,,13,13,13;;;;;;;;;;;;;;
Georgia,France,2015,,2,,Ground Master-200,air-search radar,2,,2018,New,,10,20,20;;;;;;;;;;;;;;
Germany,France,2013,,18,?,Ocean Master,maritime patrol aircraft radar,18,?,2019;2021;2022,New,For 18 NH-90 anti-submarine helicopters produced in Germany,2.5,45,45;;;;;;;;;;;;
Germany,France,2010,,6,,Ground Master-400,air-search radar,4,?,2014;2015,New,EUR100 m 'ARED' programme;GM-406F version;incl production of components in Germany,13,78,52;;;;;;;;;;;
Ghana,France,2014,?,2,?,Sherpa,armoured personnel carrier,2,,2014,New,Designation uncertain,0.25,0.5,0.5;;;;;;;;;;;;;;
Greece,France,2021,,7,?,FLASH,anti-submarine sonar,3,?,2022,New,ASQ-22 ALFS version for 7 MH-60R anti-submarine helicopters from USA;from production line in USA,2,14,6;;;;;;;;;;;;;
Greece,France,2008,?,60,?,MM-40-3 Exocet,anti-ship/land-attack missile,35,?,2014;2015;2016;2017;2018;2019;2020,New,For Super Vita (Roussen) FAC,1,60,35;;;;;;;;
Greece,France,2021,,12,,Rafale,FGA aircraft,12,?,2021;2022;2023,Second hand but modernized,Second-hand Rafale-C modernized to Rafale F3-R (Rafale-EG) version before delivery (incl 10 Rafale-EG and 2 Rafale-DG versions);part of EUR2.3 b deal,36.3,435.6,435.6;;;;;;;;;;;
Greece,France,2021,,6,,Rafale,FGA aircraft,6,,2022;2023;2024,New,Part of EUR2.3 b deal;Rafale F3-R (Rafale-EG) version,55,330,330;;;;;;;;;;;
Greece,France,2022,,6,,Rafale,FGA aircraft,6,,2024,New,Rafale-EG (Rafale F3-R) version,55,330,330;;;;;;;;;;;;;;
Greece,France,2003,,20,,NH-90 TTH,transport helicopter,10,?,2014;2017;2022;2023;2024,New,EUR546 m deal (originally EUR657 m but reduced 2010 as compensation for delayed delivery;offsets 120% incl production of components in Greece).,7,140,70;;;;;;;;;
Greece,France,2021,,18,?,Storm Shadow/SCALP-EG,air-to-surface missile,18,?,2023;2024,New,SCALP version;for Rafale combat aircraft,0.64,11.52,11.52;;;;;;;;;;;;
Guinea,France,2017,,1,,SA-330 Puma,helicopter,1,,2017,Second hand,Second-hand; aid;SA-330B version,2.4,2.4,2.4;;;;;;;;;;;;
Hungary,France,2018,,16,,H725 Caracal,transport helicopter,12,,2023;2024,New,Armed H-225M Caracal version,8,128,96;;;;;;;;;;;;;
Hungary,France,2014,,118,?,Mistral,portable SAM,118,?,2016;2017;2019,New,Mistral M3 version,0.09,10.62,10.62;;;;;;;;;;;;
India,France,2016,?,342,?,aircraft engine,aircraft engine,30,?,2022;2023,New,Turbomeca Ardiden-1H (1070hp) turboshaft for 171 Prachand (LCH) combat helicopter produced in India;produced under licence in India as Shakti,0.5,171,15;;;;;;;;;;;;
India,France,2019,?,,,Mistral,portable SAM,75,?,2022;2023,New,AAM version;for Prachand (LCH) and Rudra helicopters,0.09,0,6.75;;;;;;;;;;;;
India,France,2017,,200,?,Storm Shadow/SCALP-EG,air-to-surface missile,200,?,2020;2021;2022,New,Part of EUR710 m deal; SCALP version;for Rafale combat aircraft,0.64,128,128;;;;;;;;;;
India,France,2017,,350,?,MICA,long-range air-to-air missile,350,?,2021;2022;2023,New,Part of EUR710 m deal; MICA-RF and MICA-IR versions;for Rafale combat aircraft,0.4,140,140;;;;;;;;;;
India,France,2012,?,14,?,Sherpa,armoured personnel carrier,10,?,2017,New,,0.25,3.5,2.5;;;;;;;;;;;;;;
India,France,2012,,493,,MICA,long-range air-to-air missile,493,?,2014;2015;2016;2018;2019;2020;2021,New,EUR950 m deal (offsets 30%); MICA-EM and MICA-IR versions;for Mirage-2000-5 combat aircraft,0.4,197.2,197.2;;;;;;
India,France,2013,,20,,SA-315B Lama,light helicopter,20,?,2015;2016,New,INR3 b ($48 m) deal; Cheetal version;produced under licence in India,0.75,15,15;;;;;;;;;;;
India,France,2017,,8,,SA-316B Alouette-3,light helicopter,8,?,2019;2020,New,INR3.2 b deal;produced under licence in India as Chetak,0.9,7.2,7.2;;;;;;;;;;;;
India,France,2021,,24,,FLASH,anti-submarine sonar,12,?,2021;2022;2023;2024,New,ASQ-22 ALFS version for 24 MH-60R anti-submarine helicopters from USA;from production line in USA,2,48,24;;;;;;;;;;
India,France,2009,,19,,GS-100,air-search radar,9,?,2014;2015;2016,New,Incl 13 producedunder licence in India,7.5,142.5,67.5;;;;;;;;;;;;
India,France,2006,?,8,,ship engine,ship engine,4,,2014,New,PA-6B (10450-10850hp) diesel engine for 4 Saryu patrol ships produced in India,3,24,12;;;;;;;;;;;;;;
India,France,2017,,36,,Rafale,FGA aircraft,36,?,2019;2020;2021;2022,New,EUR7.8 b deal (incl EUR5.2 b for aircraft EUR1.8 b for spare parts and EUR710 m for armament;50% offsets incl 20% as production of components in India);Rafale-EH version (incl 8 Rafale-DH trainer/combat version),55,1980,1980;;;;;;;;;
India,France,2005,,6,,Scorpene,submarine,5,,2017;2019;2021;2022,New,INR207-237 b ($3.2-4.5 b) 'Project-75' programme; produced under licence in India as Kalvari;delivery planned 2017-2025 (delayed from 2012-2017),299.52,1797.12,1497.6;;;;;;;;;
India,France,2003,?,16,,ship engine,ship engine,16,,2014;2015;2017;2020,New,SEMT-Pielstick 12PA6-STC (5100hp) diesel engine for 4 Kamorta (Project-28) frigates produced in India;probably produced under licence in India,1.5,24,24;;;;;;;;;;
India,France,1979,?,24730,?,MILAN,anti-tank missile,4730,?,2014;2015;2016;2017;2018;2019;2020;2021;2022;2023,New,MILAN-2 and MILAN-2T version; ordered from French-FRG company; most produced under licence in India;incl for BMP-2 infantry fighting vehicles,0.01,247.3,47.3;;
India,France,2005,,36,,SM-39 Exocet,anti-ship missile,36,?,2017;2018;2020;2021;2022;2023;2024,New,Possibly $150 m deal;SM-39 Block-2 version;for Scorpene submarines,0.75,27,27;;;;;;
India,France,2018,?,10,,SA-315B Lama,light helicopter,4,?,2021;2022;2023;2024,New,Cheetal version;produced under licence in India,0.75,7.5,3;;;;;;;;;;
India,France,2011,,49,?,Mirage-2000-5,FGA aircraft,41,?,2015;2016;2017;2018;2019;2020;2021;2022;2023;2024,New,INR109-175 b deal ($2.3-2.6 b;offsets $593 m);Indian Mirage-2000H rebuilt to Mirage-2000-5;incl 2 rebuilt in France and rest in India;delivery planned 2015-2025,31,1519,1271;
India,France,2020,,300,?,AASM Hammer,air-to-surface missile,300,?,2020;2021;2022;2023,New,For Rafale combat aircraft,0.2,60,60;;;;;;;;;;;
Indonesia,France,2023,?,13,,Ground Master-400,air-search radar,1,?,2024,New,EUR354 m. deal; Ground Master Alpha version; incl production of components in Indonesia;delivery planned 2024-2028,13,169,13;;;;;;;;;;;
Indonesia,France,2014,,10,,Ground Master-200,air-search radar,10,?,2016;2017;2018;2019;2020;2021;2022;2023,New,Part of Controlmaster-200 command system for 10 Forceshield SAM systems from UK,10,100,100;;;;;;;
Indonesia,France,2016,,80,?,MM-40-3 Exocet,anti-ship/land-attack missile,45,?,2019;2020;2021;2022;2023;2024,New,For SIGMA and Bung Tomo (Brunei) frigates,1,80,45;;;;;;;;;
Indonesia,France,2016,,2,,VL-MICA-M,naval SAM system,2,,2019;2020,New,For 2 SIGMA-10514 (Martadinata) frigates from Netherlands,5,10,10;;;;;;;;;;;;;
Indonesia,France,1997,,10,?,AS-532 Cougar,transport helicopter,3,?,2015;2017;2021,New,Produced under licence in Indonesia;NAS-332 and NAS-332C1+ versions;incl some for CSAR,7.25,72.5,21.75;;;;;;;;;;
Indonesia,France,2014,,9,?,AS565M Panther,helicopter,9,,2017;2018;2019,New,AS565MBe version;assembled in Indonesia,5,45,45;;;;;;;;;;;
Indonesia,France,2017,,18,,CAESAR 155mm,self-propelled gun,18,,2019;2020,New,EUR60 m deal,1.07,19.26,19.26;;;;;;;;;;;;;
Indonesia,France,2014,,2,?,AS-565S,anti-submarine helicopter,2,,2019;2020,New,AS565MBe version;assembled in Indonesia,7.5,15,15;;;;;;;;;;;;
Indonesia,France,2012,,37,,CAESAR 155mm,self-propelled gun,37,?,2014;2015,New,,1.07,39.59,39.59;;;;;;;;;;;;;
Indonesia,France,2012,,6,,AS-355/AS-555 Fennec,light helicopter,6,?,2017,New,Armed AS-555 version,1.3,7.8,7.8;;;;;;;;;;;;;;
Indonesia,France,2012,?,6,,AS-350/AS-550 Fennec,light helicopter,6,?,2014;2016;2017,New,Armed AS-550 version,0.9,5.4,5.4;;;;;;;;;;;;
Indonesia,France,2012,,6,,H725 Caracal,transport helicopter,6,,2016;2017,New,Armed CSAR version,8,48,48;;;;;;;;;;;;;
Indonesia,France,2011,,100,?,Sherpa,armoured personnel carrier,46,?,2014;2015,New,Produced under licence in Indonesia as Elang,0.25,25,11.5;;;;;;;;;;;;;
Indonesia,France,2013,,2,,TSM-2633 Spherion-B,anti-submarine sonar,2,,2017,New,Kingklip version for 2 SIGMA-105 frigates from Netherlands,5,10,10;;;;;;;;;;;;;;
Indonesia,France,2012,?,136,?,Mistral,portable SAM,122,?,2014;2015;2016,New,For use with ATLAS launchers on Komodo APC produced in Indonesia,0.09,12.24,10.98;;;;;;;;;;;;
Indonesia,France,2016,?,14,?,vehicle engine,vehicle engine,14,?,2019;2020;2021,New,340hp diesel engine (possibly MIDR) for 14 Badak fire-support vehicles produced in Indonesia,0.05,0.7,0.7;;;;;;;;;;;;
Indonesia,France,2019,,8,,H725 Caracal,transport helicopter,8,,2023,New,H225M armed CSAR version;fitted out in Indonesia,8,64,64;;;;;;;;;;;;;
Indonesia,France,2018,?,40,?,MICA,long-range air-to-air missile,40,?,2019;2020,New,VL-MICA SAM version for SIGMA-10514 (Martadinata) frigates,0.4,16,16;;;;;;;;;;;;;
Indonesia,France,2012,?,134,?,vehicle engine,vehicle engine,84,?,2014;2015,New,Renault MIDR-062045 (320hp) diesel engine for 134 Anao armoured personnel carriers produced in Indonesia,0.05,6.7,4.2;;;;;;;;;;;;;
Indonesia,France,2022,?,12,?,vehicle engine,vehicle engine,12,?,2024,New,MIDR-062045 (320hp) diesel engine for 12 Anao armoured personnel carriers produced in Indonesia,0.05,0.6,0.6;;;;;;;;;;;;;;
Iraq,France,2022,,4,,Ground Master-400,air-search radar,2,?,2022,New,Ground Master-403 version,13,52,26;;;;;;;;;;;;;;
Italy,France,2018,?,38,?,2R2M 120mm,mortar,38,?,2019;2020;2021;2022;2023;2024,New,For 28 Freccia mortar carriers produced in Italy,0.3,11.4,11.4;;;;;;;;;
Italy,France,2005,?,4,,CAPTAS-4,anti-submarine sonar,3,,2014;2015;2016,New,For 4 Bergamini (FREMM) frigates produced in Italy,11,44,33;;;;;;;;;;;;
Italy,France,2000,?,10,?,BlueMaster,anti-submarine sonar,6,,2014;2015;2016;2017;2018;2019,New,UMS-4110CL version for 2 Doria (Horizon) destroyers and 8 Bergamini (FREMM) frigates produced in Italy,10,100,60;;;;;;;;;
Italy,France,2006,?,21,,2R2M 120mm,mortar,21,?,2014;2015;2016;2017,New,For Freccia mortar carrier produced in Italy,0.3,6.3,6.3;;;;;;;;;;;
Japan,France,1989,,503,?,MO-120-RT 120mm,mortar,66,?,2014;2015;2016;2017;2018;2019;2020;2021;2022;2023,New,Produced under licence in Japan;incl 20 for Type-96 mortar carrier produced in Japan,0.3,150.9,19.8;;;;
Jordan,France,2022,,4,,I-Master,maritime patrol aircraft radar,4,,2024,New,For 4 Cessna-208B (RC-20B) light transport/surveillance aircraft aircraft from USA,2.5,10,10;;;;;;;;;;;;;;
Jordan,France,2014,,3,?,I-Master,maritime patrol aircraft radar,3,,2014;2017,New,For 3 CN-235 transport aircraft modified to AC-235 and AC-295 ground-attack aircraft,2.5,7.5,7.5;;;;;;;;;;;;;
Kazakhstan,France,2013,,1,,Ground Master-400,air-search radar,1,,2014,New,,13,13,13;;;;;;;;;;;;;;
Kazakhstan,France,2014,?,20,?,Ground Master-400,air-search radar,1,?,2023,New,Produced under licence in Kazakhstan as Nur,13,260,13;;;;;;;;;;;;;;
Kenya,France,2018,?,12,,Bastion,armoured personnel carrier,12,,2018,New,Financed by USA aid,0.16,1.92,1.92;;;;;;;;;;;;;;
Kuwait,France,2016,,3,?,EC725 Super Cougar,anti-ship helicopter,3,?,2023;2024,New, H225M version,10.5,31.5,31.5;;;;;;;;;;;;;
Kuwait,France,2018,,300,?,Sherpa,armoured personnel carrier,300,?,2019;2020;2021,New,EUR270 m deal,0.25,75,75;;;;;;;;;;;;
Kuwait,France,2015,,120,,Sherpa,armoured personnel carrier,120,?,2016;2017;2018,New,,0.25,30,30;;;;;;;;;;;;
Kuwait,France,2016,,27,?,H725 Caracal,transport helicopter,27,?,2020;2021,New,EUR1.1 b deal;H225M Caracal version;incl 6 for National Guard,8,216,216;;;;;;;;;;;
Kuwait,France,2021,?,10,?,MM-40-3 Exocet,anti-ship/land-attack missile,10,?,2023;2024,New,For H-225M helicopters,1,10,10;;;;;;;;;;;;;
Laos,France,2014,?,2,?,AS365/AS565 Panther,helicopter,2,,2015,New,EC155B1 version,3.25,6.5,6.5;;;;;;;;;;;;;;
Lebanon,France,2014,,48,,MILAN,anti-tank missile,48,,2015,New,Milan F2A version;incl 16 launchers;financed by Saudi Arabia,0.01,0.48,0.48;;;;;;;;;;;;
Lebanon,France,2016,,25,?,VAB-VCAC,tank destroyer,25,?,2017;2018;2019,Second hand,Second-hand;aid,0.36,9,9;;;;;;;;;;;
Lebanon,France,2016,,600,?,HOT,anti-tank missile,600,?,2017;2018;2019,Second hand,Second-hand; aid; for VAB-VCAC tank destroyers;HOT-2 version,0.01,4.8,4.8;;;;;;;;;
Lebanon,France,2023,,20,,VAB-VTT,armoured personnel carrier,20,,2024,Second hand,Second-hand;aid,0.12,2.4,2.4;;;;;;;;;;;;;
Lesotho,France,2016,?,1,,AS-350/AS-550 Fennec,light helicopter,1,,2017,New,H-125 version,0.9,0.9,0.9;;;;;;;;;;;;;;
Lesotho,France,2017,?,1,,AS-350/AS-550 Fennec,light helicopter,1,,2018,New,Possibly second-hand;supplier uncertain,0.9,0.9,0.9;;;;;;;;;;;;;
Lesotho,France,2019,,1,,AS-350/AS-550 Fennec,light helicopter,1,,2019,New,,0.9,0.9,0.9;;;;;;;;;;;;;;
Lithuania,France,2013,,3,,AS365/AS565 Panther,helicopter,3,,2015,New,LTL180 m ($72 m) deal (partly financed by EU);AS365N3+ version;mainly for SAR,3.25,9.75,9.75;;;;;;;;;;;;
Luxembourg,France,2022,,90,,Akeron-MP,anti-tank missile,90,?,2024,New,EUR32 m deal,0.03,2.7,2.7;;;;;;;;;;;;;;
Malaysia,France,2010,,12,,H725 Caracal,transport helicopter,5,?,2014,New,MYR1.6 b ($500 m) deal;for SAR/CSAR,8,96,40;;;;;;;;;;;;;
Malaysia,France,2015,,3,,EC-120 Colibri,light helicopter,3,?,2016,New,For training;EC-120B version,0.7,2.1,2.1;;;;;;;;;;;;;
Malaysia,France,2011,?,8,,2R2M 120mm,mortar,8,?,2018;2019,New,For 8 Pars (AV-8) mortar carriers from Turkey,0.3,2.4,2.4;;;;;;;;;;;;;
Malaysia,France,2015,,1,?,Ground Master-200,air-search radar,1,?,2016,New,For use with Forcefield SAM system,10,10,10;;;;;;;;;;;;;;
Malaysia,France,2018,,18,,LG1 105mm,towed gun,18,,2020;2021,New,LG-1 Mk-3 version;assembled from kits in Malaysia,0.6,10.8,10.8;;;;;;;;;;;;
Mali,France,2019,,13,,Bastion,armoured personnel carrier,13,,2020,New,Financed by EU aid;incl 1 command post and 2 ambulance version,0.16,2.08,2.08;;;;;;;;;;;;;
Mali,France,2015,,5,?,Bastion,armoured personnel carrier,5,?,2016,New,,0.16,0.8,0.8;;;;;;;;;;;;;;
Mali,France,2016,,2,,AS-532 Cougar,transport helicopter,2,,2016;2017,Second hand,AS-332L version;second-hand,2.9,5.8,5.8;;;;;;;;;;;;
Mauritania,France,2021,?,18,,ERC-90,armoured car,18,,2021,Second hand,Second-hand;aid,0.32,5.76,5.76;;;;;;;;;;;;;
Mauritania,France,2019,,7,,Bastion,armoured personnel carrier,7,,2019,New,,0.16,1.12,1.12;;;;;;;;;;;;;;
Mexico,France,2014,,10,,AS565M Panther,helicopter,10,,2016;2017,New,AS565MBe version,5,50,50;;;;;;;;;;;;;
Mexico,France,2010,,6,,H725 Caracal,transport helicopter,3,?,2014,New,,8,48,24;;;;;;;;;;;;;;
Mexico,France,2014,?,2,,H725 Caracal,transport helicopter,2,,2016,New,EC225LP version,8,16,16;;;;;;;;;;;;;;
Mexico,France,2017,?,1,,CAPTAS-2,anti-submarine sonar,1,?,2020,New,For 1 SIGMA-105 (Reformador) frigate from Netherlands,9,9,9;;;;;;;;;;;;;;
Mexico,France,2018,?,1,,H725 Caracal,transport helicopter,1,,2018,New,,8,8,8;;;;;;;;;;;;;;
Moldova,France,2023,,1,,Ground Master-200,air-search radar,1,,2023,New,,10,10,10;;;;;;;;;;;;;;
Morocco,France,2020,,100,?,MICA,long-range air-to-air missile,100,?,2022,New,For VL-MICA SAM system,0.4,40,40;;;;;;;;;;;;;;
Morocco,France,2020,,36,,Sherpa,armoured personnel carrier,36,?,2022,New,Incl Scout and APC version,0.25,9,9;;;;;;;;;;;;;;
Morocco,France,2020,,36,?,CAESAR 155mm,self-propelled gun,36,?,2022,New,EUR170 m deal,1.07,38.52,38.52;;;;;;;;;;;;;;
Morocco,France,2008,?,25,?,ASTER-15 SAAM,SAM,25,?,2014,New,For FREMM frigate,0.3,7.5,7.5;;;;;;;;;;;;;;
Morocco,France,2013,,3,?,Ground Master-400,air-search radar,3,?,2014,New,Ground Master-403 version,13,39,39;;;;;;;;;;;;;;
Morocco,France,2013,,2,,Helios-2,surveillance satellite,2,,2017;2018,New,EUR500-585m deal;designation uncertain (reported as 'MN35-13 observation satellites');Moroccan designation Mohammed-6;incl. for civil government use,50,100,100;;;;;;;;;;
Morocco,France,2008,,1,,FREMM,frigate,1,,2014,New,EUR470 m deal;Moroccan designation Mohammed VI,482.95,482.95,482.95;;;;;;;;;;;;;
Morocco,France,2015,,1,,LCT 50m,landing craft,1,,2016,New,,9.5,9.5,9.5;;;;;;;;;;;;;;
Morocco,France,2008,?,15,?,MM-40-3 Exocet,anti-ship/land-attack missile,15,?,2014,New,For FREMM frigate,1,15,15;;;;;;;;;;;;;;
Morocco,France,2019,,2,?,Ground Master-400,air-search radar,2,?,2021;2022,New,,13,26,26;;;;;;;;;;;;;
Morocco,France,2013,,3,,Heron,UAV,3,?,2014,Second hand,Second-hand;part of Harfang UAV system,1.2,3.6,3.6;;;;;;;;;;;;;
Morocco,France,2020,,2,?,VL-MICA,SAM system,2,?,2022,New,EUR200 m deal (incl EUR192 m loan from French bank),25,50,50;;;;;;;;;;;;;;
Mozambique,France,2015,,3,,HSI-32,patrol boat,3,?,2015;2016,New,,5,15,15;;;;;;;;;;;;;
Mozambique,France,2013,,3,,Ocean Eagle-43,patrol boat,3,,2016,New,,11,33,33;;;;;;;;;;;;;;
Myanmar,France,2010,?,8,,ship engine,ship engine,8,,2014;2015,New,SEMT Pielstick 16-PA4-STC (7600hp) diesel engine for 2 Kyan Sit Thar frigates produced in Myanmar;probably from Chinese production line,2.5,20,20;;;;;;;;;;;;
NATO**,France,2016,,10,,A-330 MRTT,tanker/transport aircraft,8,,2020;2021;2022;2024,New,For 'Multinational Multi Role Tanker Transport MRTT Aircraft Fleet' (MMF) for use by Netherlands; Luxembourg; Germany; Norway; Belgium and Czechia; delivered via Spain;delivery planned 2020-2026,98,980,784;;;;;
Nepal,France,2017,?,1,,AS-350/AS-550 Fennec,light helicopter,1,,2018,New,H125 version,0.9,0.9,0.9;;;;;;;;;;;;;;
Netherlands,France,2000,?,24,?,aircraft engine,aircraft engine,4,?,2015,New,Rolls-Royce Turbomeca RTM-322 (2415hp) turboshaft for 12 NH-90 anti-submarine helicopters from Italy;supplier could be United Kingdom or Germany,0.75,18,3;;;;;;;;;;;;;
Netherlands,France,2000,,13,,ENR,maritime patrol aircraft radar,2,?,2015,New,For 12 NH-90 anti-submarine helicopters from Italy (incl 1 spare radar),3.5,45.5,7;;;;;;;;;;;;;;
New Zealand,France,2006,,9,,NH-90 TTH,transport helicopter,2,,2014,New,NZD771 m ($500 m) 'Project Warrior',7,63,14;;;;;;;;;;;;;;
Niger,France,2022,,2,,SA-342 Gazelle,light helicopter,2,,2022,Second hand,Second-hand; aid;armed SA-342M version,0.34,0.68,0.68;;;;;;;;;;;;
Niger,France,2019,,13,,Bastion,armoured personnel carrier,13,,2019,New,Financed by EU aid,0.16,2.08,2.08;;;;;;;;;;;;;;
Niger,France,2022,?,2,,VAB-VTT,armoured personnel carrier,2,,2022,Second hand,Probably second-hand;designation uncertain (reported as 'armoured combat vehicle'),0.12,0.24,0.24;;;;;;;;;;;;;
Niger,France,2015,,4,,VAB-VTT,armoured personnel carrier,4,,2015,Second hand,Second-hand;aid,0.12,0.48,0.48;;;;;;;;;;;;;
Nigeria,France,2017,?,2,,FPB-72,patrol boat,2,,2017,New,,3.6,7.2,7.2;;;;;;;;;;;;;;
Nigeria,France,2016,?,2,,FPB-110,patrol boat,2,,2018,New,FPB-110 Mk-2 version,6.8,13.6,13.6;;;;;;;;;;;;;;
Nigeria,France,2017,,2,,FPB-72,patrol boat,2,,2018,New,,3.6,7.2,7.2;;;;;;;;;;;;;;
Nigeria,France,2019,,2,,FPB-110,patrol boat,2,?,2020;2021,New,FPB-110 Mk-2 version,6.8,13.6,13.6;;;;;;;;;;;;;
Nigeria,France,2019,,1,,FPB-72,patrol boat,1,,2020,New,FPB-72 Mk-2 version,3.6,3.6,3.6;;;;;;;;;;;;;;
Nigeria,France,2023,,3,,FPB-98,patrol boat,2,,2023,New,,6.5,19.5,13;;;;;;;;;;;;;;
Norway,France,2002,,6,?,FLASH,anti-submarine sonar,6,?,2016;2018;2019;2020;2021,New,For 6 NH-90 anti-submarine helicopters from Italy,2,12,12;;;;;;;;;;
Norway,France,2001,,14,,Ocean Master,maritime patrol aircraft radar,11,?,2014;2015;2016;2018;2019,New,For 14 NH-90 anti-submarine helicopters from Italy,2.5,35,27.5;;;;;;;;;;
Oman,France,2004,,20,,NH-90 TTH,transport helicopter,4,?,2014;2017,New,EUR600-800 m deal;incl for SAR,7,140,28;;;;;;;;;;;;
Oman,France,2007,?,60,?,MICA,long-range air-to-air missile,30,?,2014,New,For VL-MICA-M SAM system on 3 Al Shamikh (Khareef) frigates,0.4,24,12;;;;;;;;;;;;;;
Oman,France,2006,,50,?,MM-40-3 Exocet,anti-ship/land-attack missile,25,?,2014,New,For Al Shamikh (Khareef) frigates,1,50,25;;;;;;;;;;;;;;
Pakistan,France,2013,?,2,,SA-316B Alouette-3,light helicopter,2,,2014,Second hand,Second-hand,0.36,0.72,0.72;;;;;;;;;;;;;;
Pakistan,France,2007,?,10,,AS-350/AS-550 Fennec,light helicopter,4,?,2014,New,Armed AS-550C3 version,0.9,9,3.6;;;;;;;;;;;;;;
Peru,France,2014,,1,,Astrosat-300,surveillance satellite,1,,2016,New,PEN597 m ($200 m) deal (100 offsets incl technology transfers),50,50,50;;;;;;;;;;;;;;
Peru,France,2012,,16,,MM-40-3 Exocet,anti-ship/land-attack missile,16,?,2014;2015,New,Part of $72-97 m deal;for modernized Lupo (Aguirre) frigates,1,16,16;;;;;;;;;;;;
Philippines,France,2016,,2,,FLASH,anti-submarine sonar,2,,2019,New,For 2 AW-159 anti-submarine helicopters from United Kingdom,2,4,4;;;;;;;;;;;;;;
Philippines,France,2019,,40,?,Mistral,portable SAM,40,?,2021,New,Mistral-3 version;for HHI-2600 (Rizal) frigates,0.09,3.6,3.6;;;;;;;;;;;;;
Portugal,France,2019,?,44,?,MILAN,anti-tank missile,44,,2020,New,Milan-2T version,0.01,0.44,0.44;;;;;;;;;;;;;;
Qatar,France,2015,,24,,Rafale,FGA aircraft,24,?,2019;2020,New,Part of EUR6.7 b deal;incl 18 Rafale-EQ (Q3-R) and 6 Rafale-DQ versions,55,1320,1320;;;;;;;;;;;;
Qatar,France,2018,,16,,AS-350/AS-550 Fennec,light helicopter,16,?,2018;2019;2020,New,H125 version,0.9,14.4,14.4;;;;;;;;;;;;
Qatar,France,2012,,500,?,MILAN,anti-tank missile,500,?,2015,New,MILAN-ER version,0.01,5,5;;;;;;;;;;;;;;
Qatar,France,2015,,52,,M-88,turbofan,52,?,2019;2020,New,Spares for Rafale combat aircraft,2.5,130,130;;;;;;;;;;;;;
Qatar,France,2015,,60,,AM-39 Exocet,anti-ship missile,60,?,2019;2020,New,AM-39 Block-2 Mod-2 version;for Rafale combat aircraft,0.75,45,45;;;;;;;;;;;;
Qatar,France,2015,,300,,MICA,long-range air-to-air missile,300,?,2019;2020,New,Incl 150 MICA-ER and 150 MICA-EM version;for Rafale combat aircraft,0.4,120,120;;;;;;;;;;;;
Qatar,France,2015,,140,,Storm Shadow/SCALP-EG,air-to-surface missile,140,?,2019;2020,New,SCALP version;for Rafale combat aircraft,0.64,89.6,89.6;;;;;;;;;;;;
Qatar,France,2015,,300,,AASM Hammer,air-to-surface missile,300,?,2019;2020,New,For Rafale combat aircraft,0.2,60,60;;;;;;;;;;;;;
Qatar,France,2016,?,80,?,MM-40-3 Exocet,anti-ship/land-attack missile,80,?,2021;2022;2023,New,For Fincantieri-3000 frigates and Fincantieri-700 corvettes from Italy,1,80,80;;;;;;;;;;;;
Qatar,France,2016,,20,?,MM-40-3 Exocet,anti-ship/land-attack missile,20,?,2022;2023,New,For Exocet coastal defence systems,1,20,20;;;;;;;;;;;;;
Qatar,France,2016,?,30,?,MICA,long-range air-to-air missile,30,?,2022,New,For Fincantieri-700 corvettes from Italy,0.4,12,12;;;;;;;;;;;;;;
Qatar,France,2018,,16,,NH-90 TTH,transport helicopter,10,?,2021;2022;2023;2024,New,Part of EUR3 b deal;delivery planned 2021-2025,7,112,70;;;;;;;;;;
Qatar,France,2016,?,2,,VL-MICA-M,naval SAM system,2,,2022,New,For 2 Fincantieri-700 corvettes from Italy,5,10,10;;;;;;;;;;;;;;
Qatar,France,2017,,12,,Rafale,FGA aircraft,12,,2021;2022,New,Rafale-EQ version (incl 3 Rafale-DQ trainer/combat version),55,660,660;;;;;;;;;;;;;
Qatar,France,2016,,2,?,Exocet CDS,coastal defence system,2,?,2022;2023,New,Incl for use with Marte-ER anti-ship missiles;EUR640 m deal,15,30,30;;;;;;;;;;;;
Romania,France,2012,,16,,PVP,armoured reconnaissance vehicle,7,,2014;2015,New,,0.12,1.92,0.84;;;;;;;;;;;;;
Saudi Arabia,France,2013,,80,?,Mistral,portable SAM,80,?,2016;2017,New,For Simbad-RC SAM systems on 2 Boraida support ships,0.09,7.2,7.2;;;;;;;;;;;;;
Saudi Arabia,France,2019,?,7,,AS-532 Cougar,transport helicopter,7,,2020;2021,New,H215M version,7.25,50.75,50.75;;;;;;;;;;;;;
Saudi Arabia,France,2011,,1000,?,Mistral,portable SAM,800,?,2014;2015,New,Mistral-2 version;for MPCV SAM systems,0.09,90,72;;;;;;;;;;;;
Saudi Arabia,France,2020,?,12,,FPB-2200,missile boat,12,?,2022;2023,New,,4,48,48;;;;;;;;;;;;;
Saudi Arabia,France,2015,,10,?,FLASH,anti-submarine sonar,10,?,2018;2019,New,For 10 MH-60R anti-submarine helicopters from USA,2,20,20;;;;;;;;;;;;;
Saudi Arabia,France,2020,,19,,HSI-32,patrol boat,12,?,2022;2023,New,Incl 9 produced under licence in Saudi Arabia,5,95,60;;;;;;;;;;;;;
Saudi Arabia,France,2011,,32,,CAESAR 155mm,self-propelled gun,29,?,2014;2015,New,EUR169 m deal;assembled from kits in Saudi Arabia,1.07,34.24,31.03;;;;;;;;;;;;
Saudi Arabia,France,2011,,49,?,MPCV,self-propelled air-defence system,45,?,2014;2015,New,For National Guard,0.63,30.87,28.35;;;;;;;;;;;;;
Saudi Arabia,France,2013,?,500,?,ARIVE,armoured personnel carrier,500,?,2016;2017;2018,New,For National Guard,0.25,125,125;;;;;;;;;;;;
Saudi Arabia,France,2018,,39,,HSI-32,patrol boat,39,?,2020;2021;2022,New,Incl production under licence of 18 in Saudi Arabia,5,195,195;;;;;;;;;;;;
Saudi Arabia,France,2020,?,28,?,MILAN,anti-tank missile,28,,2021,New,Designation uncertain (reported as 'portable anti-tank missile'),0.01,0.28,0.28;;;;;;;;;;;;;;
Saudi Arabia,France,2016,,100,,Sherpa,armoured personnel carrier,100,?,2016;2017,New,Originally ordered by Saudi Arabia as aid for Lebanon but Lebanese aid cancelled and vehicles taken over by Saudi Arabia,0.25,25,25;;;;;;;;;;;;;
Saudi Arabia,France,2012,,191,,Aravis,armoured personnel carrier,191,?,2015;2016,New,For National Guard,0.27,51.57,51.57;;;;;;;;;;;;;
Saudi Arabia,France,2013,,250,?,MICA,long-range air-to-air missile,250,?,2018;2019,New,For VL-MICA SAM system,0.4,100,100;;;;;;;;;;;;;
Saudi Arabia,France,2018,?,120,?,MICA,long-range air-to-air missile,120,?,2022;2023;2024,New,For Avante-2200 frigates,0.4,48,48;;;;;;;;;;;;
Saudi Arabia,France,2007,?,60,?,Damocles,aircraft electro-optical system,35,?,2014;2015;2016;2017,New,For Tornado and Typhoon combat aircraft;possibly incl assembly or production of components in Saudi Arabia,1,60,35;;;;;;;;;;
Saudi Arabia,France,2011,,73,?,Aravis,armoured personnel carrier,43,?,2014;2015,New,For National Guard,0.27,19.71,11.61;;;;;;;;;;;;;
Saudi Arabia,France,2015,?,71,?,Bastion,armoured personnel carrier,71,?,2016,New,Bastion PATSAS version,0.16,11.36,11.36;;;;;;;;;;;;;;
Saudi Arabia,France,2011,,20,?,Ground Master-60,air-search radar,19,?,2014;2015,New,Part of IMGP command/control systems for use with MPCV SAM system,7.5,150,142.5;;;;;;;;;;;;;
Saudi Arabia,France,2018,?,5,,VL-MICA-M,naval SAM system,5,,2022;2023;2024,New,For 5 Avante-2200 frigates from Spain,5,25,25;;;;;;;;;;;;
Saudi Arabia,France,2017,?,91,?,LG1 105mm,towed gun,91,,2018;2019;2020;2021;2022,New,,0.6,54.6,54.6;;;;;;;;;;
Saudi Arabia,France,2018,?,80,?,MM-40-3 Exocet,anti-ship/land-attack missile,80,?,2022;2023;2024,New,For 5 Avante-2200 frigates from Spain,1,80,80;;;;;;;;;;;;
Saudi Arabia,France,2009,,3,,A-330 MRTT,tanker/transport aircraft,3,,2014;2015,New,Delivered via Spain,98,294,294;;;;;;;;;;;;;
Saudi Arabia,France,2016,,100,,VAB MK-3,infantry fighting vehicle,100,?,2019;2020,New,VAB Mk-3 ARX-25 version;originally ordered by Saudi Arabia as aid for Lebanon but Lebanese aid cancelled and vehicles taken over by Saudi Arabia,1.2,120,120;;;;;;;;;;;;
Saudi Arabia,France,2018,,24,,CAESAR 155mm,self-propelled gun,24,?,2018,New,,1.07,25.68,25.68;;;;;;;;;;;;;;
Saudi Arabia,France,2013,,5,?,VL-MICA,SAM system,5,?,2018;2019,New,For National Guard and Royal Guard,25,125,125;;;;;;;;;;;;;
Saudi Arabia,France,2013,?,100,?,MILAN,anti-tank missile,100,?,2014,New,For use on M-ATV armoured vehicles,0.01,1,1;;;;;;;;;;;;;;
Saudi Arabia,France,2014,?,4,?,COBRA,artillery locating radar,4,?,2019,New,Originally ordered by Saudi Arabia as aid for Lebanon but Lebanese aid cancelled and radars taken over by Saudi Arabia,10,40,40;;;;;;;;;;;;;;
Senegal,France,2019,?,30,?,Mistral,portable SAM,30,?,2023;2024,New,For Simbad-RC SAM systems on OPV-58 FAC,0.09,2.7,2.7;;;;;;;;;;;;;
Senegal,France,2019,,3,,OPV-58,missile boat,3,,2023;2024,New,OPV-58S version,58.85,176.55,176.55;;;;;;;;;;;;;
Senegal,France,2016,?,9,?,Bastion,armoured personnel carrier,9,,2017,New,,0.16,1.44,1.44;;;;;;;;;;;;;;
Senegal,France,2014,?,4,,TB-30 Epsilon,(armed) trainer aircraft,4,,2015,Second hand,Second-hand,0.12,0.48,0.48;;;;;;;;;;;;;;
Senegal,France,2014,,1,,OPV-190,patrol ship,1,,2016,New,OPV-190 Mk-2 version;Senegalese designation Fouladou,20,20,20;;;;;;;;;;;;;
Senegal,France,2018,,2,?,Ground Master-400,air-search radar,2,,2019,New,,13,26,26;;;;;;;;;;;;;;
Senegal,France,2018,,36,,Bastion,armoured personnel carrier,36,,2018,New,$30 m deal (financed with aid from Saudi Arabia),0.16,5.76,5.76;;;;;;;;;;;;;;
Senegal,France,2019,?,2,,TB-30 Epsilon,(armed) trainer aircraft,2,,2019,Second hand,Second-hand;aid,0.12,0.24,0.24;;;;;;;;;;;;;
Senegal,France,2016,,13,,PVP,armoured reconnaissance vehicle,13,,2017,New,For Gendarmerie,0.12,1.56,1.56;;;;;;;;;;;;;;
Senegal,France,2013,,1,,OPV-45,patrol boat,1,,2015,New,Senegalese designation Kedougou,10.25,10.25,10.25;;;;;;;;;;;;;;
Senegal,France,2022,,8,,LG1 105mm,towed gun,8,?,2023;2024,New,,0.6,4.8,4.8;;;;;;;;;;;;;
Senegal,France,2018,?,1,?,Ocean Master,maritime patrol aircraft radar,1,,2021,New,For 1 CN-235 maritime patrol aircraft from Indonesia,2.5,2.5,2.5;;;;;;;;;;;;;;
Senegal,France,2020,,2,,TB-30 Epsilon,(armed) trainer aircraft,2,,2021,Second hand,Second-hand;aid,0.12,0.24,0.24;;;;;;;;;;;;;
Serbia,France,2021,?,7,?,Ground Master-200,air-search radar,3,?,2024,New,,10,70,30;;;;;;;;;;;;;;
Serbia,France,2021,?,3,?,Ground Master-400,air-search radar,3,?,2023;2024,New,Ground Master-400 Alpha version,13,39,39;;;;;;;;;;;;;
Serbia,France,2019,,50,,Mistral,portable SAM,50,?,2022,New,Mistral M3 version;incl for PASARS-16 SPAAG,0.09,4.5,4.5;;;;;;;;;;;;;
Singapore,France,2013,,2,?,SAMP/T,ABM/SAM system,2,?,2017;2018,New,EUR651 m deal,55,110,110;;;;;;;;;;;;;
Singapore,France,2014,?,51,?,Higuard,armoured personnel carrier,51,?,2014;2015;2016,New,,0.4,20.4,20.4;;;;;;;;;;;;
Singapore,France,2014,?,60,?,Sherpa,armoured personnel carrier,60,,2015,New,,0.25,15,15;;;;;;;;;;;;;;
Singapore,France,2014,,6,,A-330 MRTT,tanker/transport aircraft,6,,2018;2019;2020,New,Delivered via Spain,98,588,588;;;;;;;;;;;;
Singapore,France,2013,,200,?,ASTER-30,SAM,200,?,2017;2018,New,For SAMP/T SAM system,1,200,200;;;;;;;;;;;;;
Singapore,France,2016,,18,?,H725 Caracal,transport helicopter,18,?,2021;2022;2023,New,H225M version;incl for SAR and CSAR,8,144,144;;;;;;;;;;;
Singapore,France,2013,,8,,VL-MICA-M,naval SAM system,8,,2017;2018;2019,New,For 8 LMV (Independence) corvettes produced in Singapore,5,40,40;;;;;;;;;;;;
Singapore,France,2013,?,150,?,MICA,long-range air-to-air missile,150,?,2017;2018;2019,New,For VL-MICA SAM system on 8 LMV (Independence) corvettes,0.4,60,60;;;;;;;;;;;;
Somalia,France,2015,,13,,Bastion,armoured personnel carrier,13,,2016,New,Financed by USA,0.16,2.08,2.08;;;;;;;;;;;;;;
South Korea,France,2022,,210,?,EC155,helicopter,1,?,2024,New,Armed version;produced under licence in South Korea as LAH,3.75,787.5,3.75;;;;;;;;;;;;;
South Korea,France,2015,?,4,,ship engine,ship engine,4,,2021,New,SEMT-Pielstick 16PC2.5 (8000hp) diesel engine for 1 Dokdo amphibious assault ship produced in South Korea,2.5,10,10;;;;;;;;;;;;;;
South Korea,France,2013,,8,,FLASH,anti-submarine sonar,8,?,2016,New,For 8 AW-159 anti-submarine helicopters from United Kingdom,2,16,16;;;;;;;;;;;;;;
South Korea,France,2016,,4,,A-330 MRTT,tanker/transport aircraft,4,,2019,New,'KC-X' programme;delivered via Spain,98,392,392;;;;;;;;;;;;;
South Korea,France,2011,?,2,,Falcon-2000,transport aircraft,2,?,2017,New,Falcon-2000S version for modification in South Korea to SIGINT aircraft,17.25,34.5,34.5;;;;;;;;;;;;;;
Spain,France,2019,,16,,NH-90 TTH,transport helicopter,1,,2024,New,Part of EUR1.5 b deal (incl 7 NH-90 TTH version from Germany; incl production under licence in Spain);Spanish designation HT-29;delivery planned 2024-2028,7,112,7;;;;;;;;;;;
Spain,France,2016,?,3,,AS-532 Cougar,transport helicopter,3,,2017;2018,New,H215 version;for SAR,7.25,21.75,21.75;;;;;;;;;;;;
Spain,France,2003,,24,,EC-665 Tiger,combat helicopter,18,?,2014;2015;2016;2017;2018;2020,New,EUR1.4 b deal;incl 6 HAP and 18 HAD versions;incl production under licence of 18 in Spain,11.5,276,207;;;;;;;
Spain,France,2015,?,2,,AS-532 Cougar,transport helicopter,2,?,2016;2017,Second hand,Second-hand;AS-332C version,2.9,5.8,5.8;;;;;;;;;;;;
Spain,France,2016,,1,,AS-532 Cougar,transport helicopter,1,,2016,New,H215 version;for SAR,7.25,7.25,7.25;;;;;;;;;;;;;
Spain,France,2005,,22,,NH-90 TTH,transport helicopter,22,?,2014;2015;2016;2017;2018;2019;2020;2021;2022,New,EUR1.3 b deal; most assembled/produced under licence in Spain;Spanish designation HT-29 and HD-29,7,154,154;;;;
Spain,France,2020,,91,,Mistral,portable SAM,91,,2022,Second hand,Probably second-hand;EUR43 m deal;Mistral-3 version,0.04,3.28,3.28;;;;;;;;;;;;
Sri Lanka,France,2014,?,4,,ship engine,ship engine,4,,2017;2018,New,SEMT-Pielstick PA-6-20V (12200hp) diesel engine;for 2 Samarth (Sayurai) patrol ships from India,4,16,16;;;;;;;;;;;;
Sweden,France,2001,,13,,NH-90 TTH,transport helicopter,8,?,2014;2015;2016;2017;2018;2019,New,Part of $660 m deal (most assembled in Finland;offsets 100% incl $220 m production of components in Sweden for 200 NH-90);NH-90TTT version; incl for SAR;Swedish designation Hkp-14E,7,91,56;;;;;
Sweden,France,2001,?,5,,FLASH,anti-submarine sonar,5,?,2015;2016;2017,New,FLASH-S version for 5 NH-90 anti-submarine helicopters from Germany,2,10,10;;;;;;;;;;;;
Sweden,France,2023,,1,,Learjet-60,light transport aircraft,1,,2023,Second hand,Second-hand;for testing of aircraft systems,3.3,3.3,3.3;;;;;;;;;;;;;
Tanzania,France,2017,,2,,H725 Caracal,transport helicopter,2,,2018,New,H225 version,8,16,16;;;;;;;;;;;;;;
Tanzania,France,2017,,4,,AS-532 Cougar,transport helicopter,4,?,2020;2021,New,H215 version;probably from Romanian production line,7.25,29,29;;;;;;;;;;;;
Tanzania,France,2017,,8,,AS-350/AS-550 Fennec,light helicopter,4,?,2018;2020;2021,New,H125 version,0.9,7.2,3.6;;;;;;;;;;;;
Thailand,France,2016,?,1,,VL-MICA,SAM system,1,,2018,New,,25,25,25;;;;;;;;;;;;;;
Thailand,France,2011,,8,,AS-350/AS-550 Fennec,light helicopter,4,?,2014,New,THB1.6 b ($52 m) deal;AS-550C3 version,0.9,7.2,3.6;;;;;;;;;;;;;
Thailand,France,2021,?,12,,LG1 105mm,towed gun,12,?,2023,New,THB834 m ($24 m) deal;LG1 Mk-3 version,0.6,7.2,7.2;;;;;;;;;;;;;
Thailand,France,2016,,50,?,MICA,long-range air-to-air missile,50,?,2018,New,For VL-MICA SAM system,0.4,20,20;;;;;;;;;;;;;;
Thailand,France,2016,,2,,H725 Caracal,transport helicopter,2,,2018,New,H225M version,8,16,16;;;;;;;;;;;;;;
Thailand,France,2014,,2,,H725 Caracal,transport helicopter,2,,2016,New,H225M version,8,16,16;;;;;;;;;;;;;;
Thailand,France,2012,,4,,H725 Caracal,transport helicopter,4,,2015,New,THB4 b ($128 m) deal;for SAR,8,32,32;;;;;;;;;;;;;
Thailand,France,2018,,4,,H725 Caracal,transport helicopter,4,,2021,New,H225M version,8,32,32;;;;;;;;;;;;;;
Thailand,France,2019,,4,,ship engine,ship engine,4,,2023,New,SEMT-Pielstick 16-PC-2.6V400 (11750hp) diesel engine for 1 Type-071E (Chang) amphibious assault ship from China;from Chinese production line,4,16,16;;;;;;;;;;;;;
Togo,France,2013,,30,,Bastion,armoured personnel carrier,30,,2014,New,,0.16,4.8,4.8;;;;;;;;;;;;;;
Togo,France,2013,,2,,RPB-33,patrol boat,2,,2014,New,Togolese designation Agou,5,10,10;;;;;;;;;;;;;;
Togo,France,2016,,4,,SA-342 Gazelle,light helicopter,4,?,2019;2020,Second hand,Second-hand but modernized before delivery;EUR20 m deal;SA-342M version,0.34,1.36,1.36;;;;;;;;;;;
Tunisia,France,2015,?,13,?,VAB Mk-3,armoured personnel carrier,13,?,2016;2017,New,Incl for police,0.4,5.2,5.2;;;;;;;;;;;;;
Tunisia,France,2015,,4,,ACMAT APC,armoured personnel carrier,4,,2016,New,Financed by USA;Bastion version,0.16,0.64,0.64;;;;;;;;;;;;;
Tunisia,France,2015,?,4,,Bastion,armoured personnel carrier,4,,2016,New,Financed by USA,0.16,0.64,0.64;;;;;;;;;;;;;;
Turkiye,France,2002,,15,,Ocean Master,maritime patrol aircraft radar,9,?,2014;2020;2021;2022;2023,New,Part of $400 m deal; part of 'Meltem' programme;for 9 CN-235MPA maritime patrol aircraft from Spain and 6 ATR-72 maritime patrol aircraft from Italy,2.5,37.5,22.5;;;;;;;;
Turkmenistan,France,2012,?,28,?,Mistral,portable SAM,8,?,2017,New,For Simbad-RC SAM system on P-1200 OPV,0.09,2.52,0.72;;;;;;;;;;;;;;
Turkmenistan,France,2019,?,1,,VL-MICA,SAM system,1,,2021,New,For 1 C-92 (Turkmen) frigate from Turkiye,25,25,25;;;;;;;;;;;;;;
Turkmenistan,France,2019,?,25,?,MICA,long-range air-to-air missile,25,?,2021,New,For VL-MICA SAM system on C-92 (Turkmen) frigate,0.4,10,10;;;;;;;;;;;;;;
UAE,France,2017,?,2,?,CAPTAS-1,anti-submarine sonar,2,?,2020;2021,New,Containerized version for use on several ships,7.5,15,15;;;;;;;;;;;;;
UAE,France,2005,,2,,Baynunah,corvette,2,,2016;2017,New,AED1 b ($272 m) deal; part of 'Project Baynunah';produced under licence in United Arab Emirates,107.25,214.5,214.5;;;;;;;;;;;
UAE,France,2003,,4,,Baynunah,corvette,1,,2015,New,$500-545 m 'Project Baynunah' (incl $205 m for French shipyard);incl 3 produced under licence in United Arab Emirates,107.25,429,107.25;;;;;;;;;;;;;
UAE,France,2021,,2,,A-330 MRTT,tanker/transport aircraft,1,?,2024,New,$670 m deal;delivered via Spain,98,196,98;;;;;;;;;;;;;
UAE,France,2019,?,30,?,MM-40-3 Exocet,anti-ship/land-attack missile,30,?,2023;2024,New,For Gowind-2500 frigates,1,30,30;;;;;;;;;;;;;
UAE,France,2006,,150,?,MM-40-3 Exocet,anti-ship/land-attack missile,75,?,2015;2016;2017,New,Part of EUR400 m deal;for Baynunah corvettes and probably for Abu Dhabi frigate and Falaj-2 covettes,1,150,75;;;;;;;;;;;
UAE,France,2013,,17,,Ground Master-200,air-search radar,17,?,2015;2016;2017,New,$396 m deal,10,170,170;;;;;;;;;;;;
UAE,France,2023,,,,MU-90 IMPACT,anti-submarine torpedo,24,?,2023;2024,New,For Gowind frigates,0.5,0,12;;;;;;;;;;;;;
UAE,France,2015,,2,,Helios-2,surveillance satellite,1,,2020,New,EUR700 m deal;Falcon Eye or Pleiades version,50,100,50;;;;;;;;;;;;;
UAE,France,2019,,2,,Gowind-2500,frigate,2,,2023;2024,New,EUR750 m deal;option on 2 more;UAE designation Bani Yas,211,422,422;;;;;;;;;;;
UAE,France,2018,?,50,?,MICA,long-range air-to-air missile,50,?,2023;2024,New,MICA-NG version;for Gowind-2500 frigates,0.4,20,20;;;;;;;;;;;;
Uganda,France,2015,,31,?,Bastion,armoured personnel carrier,31,?,2017,New,Incl at least 17 to 19 financed by USA;incl for use with AMISOM in Somalia,0.16,4.96,4.96;;;;;;;;;;;;;
Ukraine,France,2022,,4,,M-270 MLRS 227mm,multiple rocket launcher,4,?,2022;2023,Second hand,Second-hand;aid after 2022 Russian invasion of Ukraine;LRU version,0.48,1.92,1.92;;;;;;;;;;;
Ukraine,France,2022,,6,,TR-F-1 155mm,towed gun,6,?,2022,Second hand,Second-hand;aid after 2022 Russian invasion of Ukraine,0.38,2.28,2.28;;;;;;;;;;;;;
Ukraine,France,2018,,14,?,AS-350/AS-550 Fennec,light helicopter,2,?,2023,New,Part of EUR555 m deal for 24 for non-military border guard role but 14 for military role after 2022 Russian invasion of Ukraine;H125 version,0.9,12.6,1.8;;;;;;;;;;;;;
Ukraine,France,2022,,18,,CAESAR 155mm,self-propelled gun,18,,2022,Second hand,Second-hand;aid after 2022 Russian invasion of Ukraine,0.44,7.92,7.92;;;;;;;;;;;;;
Ukraine,France,2022,,50,?,VT-1,SAM,50,?,2022,Second hand,Second-hand; aid;for Crotale-NG SAM systems,0.06,3,3;;;;;;;;;;;;
Ukraine,France,2022,,378,?,VAB-VTT,armoured personnel carrier,378,,2022;2023;2024,Second hand,Second-hand;aid after 2022 Russian invasion of Ukraine;incl ambulance version,0.12,45.36,45.36;;;;;;;;;;
Ukraine,France,2022,,2,,Crotale-NG,SAM system,2,,2022,Second hand,Second-hand;aid after 2022 Russian invasion of Ukraine,4,8,8;;;;;;;;;;;;;
Ukraine,France,2023,?,600,?,AASM Hammer,air-to-surface missile,600,?,2024,Second hand,Second-hand;aid after 2022 Russian invasion of Ukraine,0.08,48,48;;;;;;;;;;;;;
Ukraine,France,2023,,90,?,Storm Shadow/SCALP-EG,air-to-surface missile,90,?,2023;2024,Second hand,Second-hand;aid after 2022 Russian invasion of Ukraine,0.26,23.04,23.04;;;;;;;;;;;;
Ukraine,France,2023,,6,,CAESAR 155mm,self-propelled gun,6,?,2024,New,,1.1,6.6,6.6;;;;;;;;;;;;;;
Ukraine,France,2023,,12,,CAESAR 155mm,self-propelled gun,12,,2023,Second hand,Second-hand;aid after 2022 Russian invasion of Ukraine,0.44,5.28,5.28;;;;;;;;;;;;;
Ukraine,France,2024,?,60,,CAESAR 155mm,self-propelled gun,13,?,2024,New,Financed by aid from other states (incl Denmark;Belgium and Luxemburg),1.1,66,14.3;;;;;;;;;;;;;
Ukraine,France,2023,?,12,,CAESAR 155mm,self-propelled gun,12,?,2024,New,Aid after 2022 Russian invasion of Ukraine,1.1,13.2,13.2;;;;;;;;;;;;;;
Ukraine,France,2020,,20,,FPB-98,patrol boat,17,?,2023;2024,New,EUR137 m deal (incl 5 years support;85% financed with French loans); for border guard;FPB-98 Mk-1 version;incl 5 produced under licence in Ukraine,6.5,130,110.5;;;;;;;;;
Ukraine,France,2018,,5,?,H725 Caracal,transport helicopter,5,?,2018;2019;2021;2022,Second hand,Second-hand (but modernized before delivery in Romania);H225 version,3.2,16,16;;;;;;;;;;
Ukraine,France,2022,,10,,MO-120-RT 120mm,mortar,10,,2022,Second hand,Second-hand;aid after 2022 Russian invasion of Ukraine;designation uncertain (reported as '120mm mortar'),0.12,1.2,1.2;;;;;;;;;;;;
Ukraine,France,2022,?,19,,CAESAR 155mm,self-propelled gun,19,,2023,New,CAESAR-2 version;originally ordered by Denmark but supplied to Ukraine after 2022 Russian invasion of Ukraine;financed by aid from Denmark,1.07,20.33,20.33;;;;;;;;;;;;
Ukraine,France,2022,,,,MILAN,anti-tank missile,230,?,2022;2024,Second hand,Second-hand;aid after 2022 Russian invasion of Ukraine,0,0,0.92;;;;;;;;;;;;
Ukraine,France,2023,,2,,Ground Master-200,air-search radar,1,?,2023,New,,10,20,10;;;;;;;;;;;;;;
Ukraine,France,2022,,56,,AMX-10RC,armoured car,56,,2023;2024,Second hand,Second-hand;aid after 2022 Russian invasion of Ukraine;AMX-10RCR version,0.48,26.88,26.88;;;;;;;;;;;
Ukraine,France,2022,,1,,SAMP/T,ABM/SAM system,1,,2023,Second hand,Probably second-hand;aid after 2022 Russian invasion of Ukraine (in cooperation with Italy;incl delivery of launchers from Italy),22,22,22;;;;;;;;;;;;
Ukraine,France,2022,,50,?,FGM-148 Javelin,anti-tank missile,50,?,2022,Second hand,Second-hand;aid after Russian invasion of Ukraine,0.01,0.6,0.6;;;;;;;;;;;;;
Ukraine,France,2022,,,?,Mistral,portable SAM,100,?,2022;2024,Second hand,Second-hand;aid after 2022 Russian invasion of Ukraine,0.04,0,3.6;;;;;;;;;;;;
Ukraine,France,2024,,25,?,ASTER-30,SAM,25,?,2024,Second hand,Aid after 2022 Russian invasion of Ukraine;for SAMP/T SAM system delivered by France in cooperation with Italy,0.4,10,10;;;;;;;;;;;;;
United Kingdom,France,2023,,1,,I-Master,maritime patrol aircraft radar,1,,2024,New,For 1 Camcopter drone from Austria,2.5,2.5,2.5;;;;;;;;;;;;;;
United Kingdom,France,2013,,28,,FLASH,anti-submarine sonar,28,?,2015;2016,New,For 28 AW-159 Wildcat anti-submarine helicopters produced in United Kingdom,2,56,56;;;;;;;;;;;;;
United States,France,2023,,14,,KC-135 Stratotanker,tanker/transport aircraft,11,?,2024,Second hand,Second-hand; owned and operated by US company and leased per hour to US armed forces;KC-135FR and KC-135RG version,24,336,264;;;;;;;;;;;;
United States,France,2017,,141,?,Atar-9,turbojet,141,?,2019;2020,Second hand,Probably second-hand;spares for Mirage F-1C combat aircraft;part of EUR300 m deal for 63 Mirage F-1C for US company for training of US armed forces,0.6,84.6,84.6;;;;;;;;;;;
United States,France,2002,,278,?,FLASH,anti-submarine sonar,101,?,2014;2015;2016;2017;2018;2019;2020;2021;2022;2023;2024,New,AQS-22 ALFS version for 281 MH-60R anti-submarine helicopters produced in USA;produced under licence in USA,2,556,202;;;
United States,France,2017,,45,?,Mirage F-1C,FGA aircraft,45,?,2019;2020;2021;2022;2023,Second hand,Second-hand (some 18 more delivered for spare parts);EUR300 m deal;for US company for training of US armed forces,6.4,288,288;;;;;;;;
United States,France,1996,?,104,?,ship engine,ship engine,20,,2014;2016;2017;2022;2024,New,Colt-Pielstick PC-2.5 (10400hp) diesel engine for 26 San Antonio amphibious assault ships produced in USA;produced under licence in USA,3,312,60;;;;;;;;;
United States,France,2004,,34,?,ship engine,ship engine,28,,2015;2016;2017;2018;2019;2020;2022;2023;2024,New,Semt-Pielstick 16PA6B (9100hp) diesel engine;for 16 LCS-1 (Freedom) frigates produced in USA and refit of a LCS-1;produced under licence in USA,3,102,84;;;;
unknown recipient(s),France,2016,?,1,?,BlueWatcher,anti-submarine sonar,1,?,2020,New,For unidentified state in Asia,2,2,2;;;;;;;;;;;;;;
Uruguay,France,2013,?,1,?,AS365/AS565 Panther,helicopter,1,?,2014,New,For SAR,3.25,3.25,3.25;;;;;;;;;;;;;;
Uzbekistan,France,2018,,8,?,AS-532 Cougar,transport helicopter,8,?,2019;2021;2022;2023,New,Armed H215M version,7.25,58,58;;;;;;;;;;;
Uzbekistan,France,2013,,8,,AS-532 Cougar,transport helicopter,8,?,2015;2016,New,H215M version,7.25,58,58;;;;;;;;;;;;;
Uzbekistan,France,2013,,8,?,AS-350/AS-550 Fennec,light helicopter,8,?,2014;2016,New,AS-350B3 (H-125M) version,0.9,7.2,7.2;;;;;;;;;;;;;