Algeria,United Kingdom,2012,,6,,Super Lynx,anti-submarine helicopter,6,?,2015;2016,New,Super Lynx Mk-140 version,12.5,75,75;;;;;;;;
Angola,United Kingdom,2015,?,1,?,Seaspray,maritime patrol aircraft radar,1,,2017,New,For 1 Citation-1 light transport aircraft from USA modified to MP aircraft in Israel before delivery,2,2,2;;;;;;;;;
Australia,United Kingdom,2024,,5,,EC135,light helicopter,5,,2024,New,,2.25,11.25,11.25;;;;;;;;;
Australia,United Kingdom,2015,,2,,air refuel system,air refuel system,2,,2018;2019,New,For modification of 2 A330 transport aircraft to A330 MRTT tanker/transport aircraft,10,20,20;;;;;;;;
Australia,United Kingdom,2012,,19,,UFH/M-777 155mm,towed gun,19,?,2014;2015,New,$70 m deal; ordered via USA from US production line;M-777A2 version,1,19,19;;;;;;
Australia,United Kingdom,2017,,1,,AW139,helicopter,1,,2017,Second hand,Second-hand;for Australian company for 15-month lease for SAR to Australian navy,2.4,2.4,2.4;;;;;;;;
Bahrain,United Kingdom,2020,,1,,River Batch-1,patrol ship,1,,2020,Second hand,Second-hand;Bahraini desugnation Al-Zubara,15.2,15.2,15.2;;;;;;;;
Bahrain,United Kingdom,2017,,2,,C-130J Hercules,transport aircraft,2,?,2018,Second hand,Second-hand;Hercules C-5 version,16,32,32;;;;;;;;
Bangladesh,United Kingdom,2019,,3,,C-130J Hercules,transport aircraft,3,,2020;2022;2024,Second hand,Second-hand;Hercules C-5 version,16,48,48;;;;;;
Bangladesh,United Kingdom,2018,,2,,C-130J Hercules,transport aircraft,2,,2019;2020,Second hand,Second-hand;Hercules C-5 version,16,32,32;;;;;;;
Bangladesh,United Kingdom,2017,,2,,Seaspray,maritime patrol aircraft radar,2,,2021;2022,New,Seaspray-5000E version;for 2 Do-228 MP aircraft from Germany,2,4,4;;;;;;;
Bolivia,United Kingdom,2016,,1,,Star-NG,air-search radar,1,,2019,New,Star-2000 version,8,8,8;;;;;;;;;
Brazil,United Kingdom,2012,,,,air refuel system,air refuel system,1,?,2022,New,For KC-390 tanker/transport aircraft produced in Brazil,10,0,10;;;;;;;;;
Brazil,United Kingdom,2019,?,1,,Adams Challenge,support ship,1,,2020,Second hand,Second-hand; for submarine rescue role;Brazilian designation Guillobel,10,10,10;;;;;;;
Brazil,United Kingdom,2015,,36,?,Raven ES-05,combat aircraft radar,8,,2020;2021;2023,New,For 36 Gripen-E (Gripen-NG) combat aircraft from Sweden,2.5,90,20;;;;;;;
Brazil,United Kingdom,2013,?,8,,Seaspray,maritime patrol aircraft radar,8,?,2015;2016;2017;2018;2019;2020;2021;2022,New,Seaspray-500E version for modernization of 8 P-95M MP aircraft,2,16,16;;
Brazil,United Kingdom,2019,,100,,Meteor,long-range air-to-air missile,20,?,2021;2024,New,EUR200 m deal;for Gripen-E combat aircraft,0.8,80,16;;;;;;;
Brazil,United Kingdom,2018,,1,,Ocean,amphibious assault ship,1,,2018,Second hand,Second-hand;GBP84 m ($117 m) deal,136,136,136;;;;;;;;
Chile,United Kingdom,2017,?,150,?,CAMM,SAM,150,?,2020;2021,New,For modernized Type-23 frigates,0.35,52.5,52.5;;;;;;;;
Chile,United Kingdom,2021,,2,,E-3A Sentry,airborne early-warning aircraft,2,,2022,Second hand,Second-hand;E-3D version;1 more for spare parts only,100,200,200;;;;;;;
China,United Kingdom,1975,?,500,?,Spey,turbofan,130,?,2014;2015;2016;2017;2018,New,Incl production under licence in China as WS-9 and WS-9A;for JH-7 combat aircraft produced in China,2,1000,260;;;;
Colombia,United Kingdom,2017,,18,,L-118 105mm,towed gun,18,?,2017;2018,New,L-119 version;possibly from US production line,0.6,10.8,10.8;;;;;;;
Congo,United Kingdom,2015,,28,?,AT-105 Saxon,armoured personnel carrier,28,?,2015,Second hand,Second-hand;delivered via France as aid,0.08,2.24,2.24;;;;;;;;
Cote d'Ivoire,United Kingdom,2016,,4,,AT-105 Saxon,armoured personnel carrier,4,,2016,Second hand,Second-hand; delivered via France;for use in UN operation in Mali,0.08,0.32,0.32;;;;;;;
Djibouti,United Kingdom,2019,?,8,?,Spartan,armoured personnel carrier,8,,2020,Second hand,Second-hand,0.1,0.8,0.8;;;;;;;;;
Egypt,United Kingdom,2021,,2,,Fort Rosalie,replenishment ship,2,,2023,Second hand,Second-hand,52,104,104;;;;;;;;;
Finland,United Kingdom,2016,,28,,G-115,trainer aircraft,28,?,2016;2017;2018,Second hand,Second-hand;EUR6.6 m deal;G-115EA (Tutor T-1) version,0.04,1.12,1.12;;;;;
France,United Kingdom,2015,,,,air refuel system,air refuel system,24,?,2017;2018;2019;2020;2021;2022;2023;2024,New,For A400 and 15 A330 MRTT tanker/transport aircraft produced in France,10,0,240;;
France,United Kingdom,2015,,26,?,Trent-700,turbofan,24,,2018;2019;2020;2021;2022;2023,New,For 15 A330 MRTT tanker/transport aircraft produced in France,6,156,144;;;;
Germany,United Kingdom,2003,?,6,?,air refuel system,air refuel system,6,?,2018;2019;2020;2021;2022;2023,New,For A400M tanker/transport aircraft produced in Germany,10,60,60;;;;
Ghana,United Kingdom,2022,,70,,MXT-MV,armoured personnel carrier,70,?,2022,Second hand,Second-hand; probably aid;Husky version,0.06,4.48,4.48;;;;;;;
Greece,United Kingdom,2003,,2,,Super Vita,missile boat,1,,2015,New,EUR200-270 m deal; produced under licence in Greece;Greek designation Roussen,53,106,53;;;;;;;
Greece,United Kingdom,2008,,2,,Super Vita,missile boat,2,,2020;2022,New,EUR299 m deal;produced under licence in Greece,53,106,106;;;;;;;
Greece,United Kingdom,2021,,36,?,Meteor,long-range air-to-air missile,36,?,2022;2023,New,For Rafale combat aircraft;ordered via France,0.8,28.8,28.8;;;;;;;
Guyana,United Kingdom,2018,?,2,,Skyvan,light transport aircraft,2,,2019,Second hand,Second-hand,1,2,2;;;;;;;;;
India,United Kingdom,2010,,57,,Hawk-100,trainer/combat aircraft,43,?,2014;2015;2016,New,GBP700-735 m ($1.1 b) deal;Hawk-132 version,10,570,430;;;;;;
India,United Kingdom,2017,,200,?,Meteor,long-range air-to-air missile,200,?,2020;2021;2022,New,Part of EUR710 m deal; for Rafale combat aircraft;sold via France,0.8,160,160;;;;;
India,United Kingdom,2016,,145,,UFH/M-777 155mm,towed gun,145,?,2018;2019;2020;2021;2022,New,$736 m deal; ordered via USA from US production line;incl 120 assembled/produced under licence in India,1,145,145;;;
India,United Kingdom,2014,?,384,,ASRAAM,long-range air-to-air missile,384,?,2021;2022;2023;2024,New,ASRAAM Block-4 version;Indian designation NGCCM,0.18,69.12,69.12;;;;;
Indonesia,United Kingdom,2012,?,1000,?,Starstreak,SAM,1000,?,2014;2015;2016;2017;2018;2019;2020;2021;2022;2023,New,For Forceshield SAM system,0.09,90,90
Indonesia,United Kingdom,2014,,10,,Forceshield,SAM system,10,?,2016;2017;2018;2019;2020;2021;2022;2023,New,$165 m deal,7.5,75,75;;
Indonesia,United Kingdom,2013,,3,,Brunei,frigate,3,,2014,New,GBP120 m deal; originally produced for Brunei but cancelled and sold to Indonesia;Indonesian designation Bung Tomo,197.25,591.75,591.75;;;;;;;
Ireland,United Kingdom,2014,,1,,PV-90,patrol ship,1,,2016,New,,34.85,34.85,34.85;;;;;;;;;
Ireland,United Kingdom,2016,,1,,PV-90,patrol ship,1,,2019,New,,34.85,34.85,34.85;;;;;;;;;
Ireland,United Kingdom,2010,,2,,PV-90,patrol ship,2,,2014;2015,New,EUR99 m deal,34.85,69.7,69.7;;;;;;;;
Italy,United Kingdom,2016,,2,,MT-30,gas turbine,2,,2024,New,For 1 Trieste aircraft carrier/amphibious assault ship produced in Italy,12,24,24;;;;;;;;;
Italy,United Kingdom,2008,,4,,Seaspray,maritime patrol aircraft radar,4,?,2017,New,Seaspray-7000E or Seaspray-7300 version for 4 ATR-72 MP aircraft produced in Italy,2,8,8;;;;;;;;;
Japan,United Kingdom,2018,?,12,,MT-30,gas turbine,6,?,2022;2023;2024,New,For 12 Mogami (FFM or 30DDX) frigates produced in Japan;probably assembled or produced under licence in Japan,12,144,72;;;;;;
Japan,United Kingdom,2015,,6,,air refuel system,air refuel system,4,,2021;2022;2024,New,For 6 KC-46A tanker/transport aircraft from USA,10,60,40;;;;;;;
Japan,United Kingdom,2007,,16,,Spey,turbofan,8,,2014,New,Spey SM1C version for 4 Akizuki frigates produced in Japan,2,32,16;;;;;;;;;
Japan,United Kingdom,2003,,14,,AW101,transport helicopter,6,?,2015;2016;2017;2018;2019,New,$518 m 'MCH-X' programme;13 assembled in Japan;incl 3 CH-101 transport version (incl for support of scientific missions in Antarctica) and 11 MCH-101 MCM version,12.5,175,75;;;
Jordan,United Kingdom,2016,?,5,,COBRA,artillery locating radar,5,,2016,Second hand,Second-hand,4,20,20;;;;;;;;;
Jordan,United Kingdom,2015,?,8,,T-67 Firefly,trainer aircraft,8,,2015,Second hand,Second-hand,0.06,0.51,0.51;;;;;;;;;
Kuwait,United Kingdom,2017,?,8,,Thales ROTSS,armoured personnel carrier turret,8,?,2017,New,For modernization of 8 Condor APC,0.1,0.8,0.8;;;;;;;;;
Latvia,United Kingdom,2019,,40,?,Scimitar,light tank,40,?,2020;2021;2022,Second hand,Second-hand,0.33,13.28,13.28;;;;;;;
Latvia,United Kingdom,2014,,73,?,Spartan,armoured personnel carrier,73,?,2015;2016;2017;2018;2019;2020,Second hand,Second-hand;part of GBP39 m/EUR48 m ($60 m) deal; incl Sultan command post;Samaritan ambulance and Samson ARV versions,0.1,7.3,7.3;
Latvia,United Kingdom,2014,,50,?,Scimitar,light tank,50,?,2015;2016;2017;2018;2019;2020,Second hand,Second-hand;part of GBP39 m/EUR48 m ($60 m) deal,0.33,16.6,16.6;;;
Latvia,United Kingdom,2019,,42,?,Spartan,armoured personnel carrier,42,?,2020;2021;2022,Second hand,Second-hand,0.1,4.2,4.2;;;;;;;
Malawi,United Kingdom,2015,?,1,,SA-341 Gazelle,light helicopter,1,,2016,Second hand,Second-hand; supplier uncertain;SA-341B version,0.32,0.32,0.32;;;;;;;
Malaysia,United Kingdom,2005,?,4,?,air refuel system,air refuel system,4,,2015;2016;2017,New,For 4 A400M transport aircraft from Spain,10,40,40;;;;;;;
Malaysia,United Kingdom,2015,,150,?,Starstreak,SAM,150,?,2016;2017;2018;2020,New,For Forcefield SAM system,0.09,13.5,13.5;;;;;;
Malaysia,United Kingdom,2015,,1,?,Forceshield,SAM system,1,?,2016,New,,7.5,7.5,7.5;;;;;;;;;
Mauritania,United Kingdom,2015,,4,?,AT-105 Saxon,armoured personnel carrier,4,?,2016,Second hand,Second-hand; delivered via France;for use in UN operation in Central African Repiblic,0.08,0.32,0.32;;;;;;;
Morocco,United Kingdom,2016,?,2,,Seaspray,maritime patrol aircraft radar,2,,2018,New,Seaspray-7300 version;for modification of 2 King Air light transport aircraft (from USA) in France to MP aircraft,2,4,4;;;;;;;;
NATO**,United Kingdom,2016,,20,?,Trent-700,turbofan,16,,2020;2021;2022;2024,New,Trent-772B version for 10 A-330 MRTT tanker/transport aircraft from France,6,120,96;;;;;;
NATO**,United Kingdom,2016,,10,,air refuel system,air refuel system,8,,2020;2021;2022;2024,New,For 10 A-330 MRTT tanker/transport aircraft from France,10,100,80;;;;;;
New Zealand,United Kingdom,2014,,250,?,CAMM,SAM,250,?,2020;2021;2022,New,For modernized MEKO-200 (Anzac) frigates,0.35,87.5,87.5;;;;;;;
Oman,United Kingdom,2019,?,48,?,ASRAAM,long-range air-to-air missile,48,?,2022;2023,New,For Typhoon combat aircraft,0.18,8.64,8.64;;;;;;;;
Oman,United Kingdom,2007,,3,,Al Shamikh,frigate,1,,2014,New,$700 m 'Khareef' programme,144.5,433.5,144.5;;;;;;;;;
Oman,United Kingdom,2012,,8,,Hawk-100,trainer/combat aircraft,8,,2017,New,Part of GBP2.5 b ($4 b) deal;Hawk-166 (Hawk AJT) version,10,80,80;;;;;;;;
Oman,United Kingdom,2012,,12,,Typhoon Block-20,FGA aircraft,12,,2017;2018,New,Part of GBP2.5 b ($4 b) deal;Typhoon Block-30N (Tranche-3A) version,57.5,690,690;;;;;;;
Oman,United Kingdom,2012,,4,?,EJ-200,turbofan,4,?,2017;2018,New,Spares for Typhoon combat aircraft,2.5,10,10;;;;;;;;
Pakistan,United Kingdom,2015,,4,,ship engine,ship engine,4,,2018;2021,New,MAN-Ruston 20RK-270 diesel engine for 2 Kashmir patrol ships from China,2.5,10,10;;;;;;;;
Pakistan,United Kingdom,2016,?,3,,Seaspray,maritime patrol aircraft radar,3,,2018;2019;2022,New,Seaspray-7300 version;for 3 ATR-72 ASW aircraft from Germany,2,6,6;;;;;;
Pakistan,United Kingdom,2017,,4,,Sea King/Commando,transport helicopter,4,,2017;2018,Second hand,Second-hand (2 more delivered for spare parts);Commando HC-4+ version,2.7,10.8,10.8;;;;;;;
Pakistan,United Kingdom,2016,,1,,Sea King HAR-3,transport helicopter,1,,2018,Second hand,Second-hand;Sea king HAR-3A version,2.7,2.7,2.7;;;;;;;;
Peru,United Kingdom,2009,?,2,?,Seaspray,maritime patrol aircraft radar,1,?,2014,New,Seaspray-7000E version for modernization of 2 Fokker-60 MP aircraft,2,4,2;;;;;;;;;
Philippines,United Kingdom,2020,?,50,?,Paveway,guided bomb,50,?,2020,New,GBU-49 Paveway-4 version,0.02,1,1;;;;;;;;;
Philippines,United Kingdom,2018,?,50,?,Paveway,guided bomb,50,?,2019,New,GBU-49 Paveway-4 version,0.02,1,1;;;;;;;;;
Philippines,United Kingdom,2016,,2,,AW-159 Wildcat,anti-submarine helicopter,2,,2019,New,PHP5.4 b ($101 m) deal,14,28,28;;;;;;;;;
Poland,United Kingdom,2019,,4,,AW101-111,anti-submarine helicopter,4,,2023;2024,New,PLN1.7 b ($415-450 m deal ($104 m offsets),15.75,63,63;;;;;;;;
Poland,United Kingdom,2022,?,750,?,CAMM,SAM,100,?,2022;2023,New,For mala NAREW and Pilica+ air defence systems;delivery planned 2022-2029,0.35,262.5,35;;;;;;;
Qatar,United Kingdom,2018,,9,,Hawk-100,trainer/combat aircraft,9,,2021;2022,New,Hawk Mk-167 version,10,90,90;;;;;;;;
Qatar,United Kingdom,2015,,160,?,Meteor,long-range air-to-air missile,160,?,2019;2020,New,For Rafale combat aircraft from France,0.8,128,128;;;;;;;;
Qatar,United Kingdom,2017,,24,,Typhoon Block-20,FGA aircraft,22,?,2022;2023;2024,New,Incl 4 Typhoon-T trainer/combat version,57.5,1380,1265;;;;;;;
Qatar,United Kingdom,2017,,300,?,Paveway,guided bomb,300,?,2022;2023;2024,New,Paveway-4 version;for Typhoon combat aircraft,0.02,6,6;;;;;;
Qatar,United Kingdom,2019,,200,?,ASRAAM,long-range air-to-air missile,150,?,2022;2023;2024,New,ASRAAM Block-6 version;for Typhoon combat aircraft,0.18,36,27;;;;;;
Qatar,United Kingdom,2017,,7,?,EJ-200,turbofan,2,?,2023;2024,New,Spares for Typhoon combat aircraft,2.5,17.5,5;;;;;;;;
Romania,United Kingdom,2023,,2,,Sandown,minehunter,1,,2023,Second hand,Second-hand,18,36,18;;;;;;;;;
Saudi Arabia,United Kingdom,2015,?,1000,?,Brimstone,air-to-surface missile,1000,?,2016;2017;2018;2019,New,For Tornado combat aircraft,0.15,150,150;;;;;;
Saudi Arabia,United Kingdom,2015,,22,,Hawk-100,trainer/combat aircraft,22,?,2019;2020;2021;2022,New,Hawk-165 (Hawk AJT) version;assembled in Saudi Arabia,10,220,220;;;;;
Saudi Arabia,United Kingdom,2012,,22,,Hawk-100,trainer/combat aircraft,22,,2016;2017,New,Part of GBP1.6 b deal;Hawk-165 (Hawk AJT) version,10,220,220;;;;;;;
Saudi Arabia,United Kingdom,2007,,48,,Typhoon Block-8,FGA aircraft,14,?,2014;2015,New,Part of GBP4.4 b deal (part of up to GBP20 b 'Project Salam');Typhoon Block-8BC;Block-8C;Block-9C;Block-10C;Block-11C and Block-15C (Typhoon Tranche-2) versions,55,2640,770;;;
Saudi Arabia,United Kingdom,2009,,3,,air refuel system,air refuel system,3,,2014;2015,New,For 3 A-330 MRTT tanker/transport aircraft from France,10,30,30;;;;;;;;
Saudi Arabia,United Kingdom,2013,,100,?,Storm Shadow/SCALP-EG,air-to-surface missile,100,?,2016;2017,New,For Tornado and/or Typhoon combat aircraft,0.64,64,64;;;;;;;;
Saudi Arabia,United Kingdom,2007,,21,?,EJ-200,turbofan,10,?,2014;2015;2016;2017,New,Spares for Typhoon combat aircraft,2.5,52.5,25;;;;;;
Saudi Arabia,United Kingdom,2013,,2400,?,Paveway,guided bomb,2400,?,2015,New,GBP150 m ($250 m) deal;Paveway-4 version;for Typhoon and modernized Tornado combat aircraft,0.02,48,48;;;;;;;
Saudi Arabia,United Kingdom,2020,,180,?,LMM Martlet,anti-ship missile/ASM/SAM,180,?,2021;2022,New,For RapidRanger SAM systems,0.1,18,18;;;;;;;;
Saudi Arabia,United Kingdom,2007,,24,,Typhoon Block-20,FGA aircraft,24,,2015;2016;2017,New,Part of GBP4.4 b deal (part of up to GBP20 b 'Project Salam');Typhoon Block-25C (Tranche-3A) version,57.5,1380,1380;;;;;;
Singapore,United Kingdom,2014,,12,,Trent-700,turbofan,12,,2018;2019;2020,New,Trent-772B version for 6 A-330 MRTT tanker/transport aircraft from France,6,72,72;;;;;;;
Singapore,United Kingdom,2014,,6,,air refuel system,air refuel system,6,,2018;2019;2020,New,For 6 A-330 MRTT tanker/transport aircraft from France,10,60,60;;;;;;;
South Africa,United Kingdom,2014,,20,?,Starstreak,SAM,20,,2015,New,,0.09,1.8,1.8;;;;;;;;;
South Korea,United Kingdom,2013,,8,,AW-159 Wildcat,anti-submarine helicopter,8,,2016,New,,14,112,112;;;;;;;;;
South Korea,United Kingdom,2018,?,4,,MT-30,gas turbine,4,,2023,New,For 4 FFX-2 (Daegu) frigates produced in South Korea,12,48,48;;;;;;;;;
South Korea,United Kingdom,2020,,6,?,MT-30,gas turbine,1,,2024,New,For 6 Ulsan Batch-3 (FFX-3) frigates produced in South Korea,12,72,12;;;;;;;;;
South Korea,United Kingdom,2017,,3,,MT-30,gas turbine,3,,2021,New,For 3 FFX-2 (Daegu) frigates produced in South Korea,12,36,36;;;;;;;;;
South Korea,United Kingdom,2012,,1,,MT-30,gas turbine,1,,2018,New,For 1 FFX-2 (Daegu) frigate produced in South Korea,12,12,12;;;;;;;;;
South Korea,United Kingdom,2016,,8,?,Trent-700,turbofan,8,,2019,New,For 4 A330 MRTT tanker/transport aircraft from France,6,48,48;;;;;;;;;
Spain,United Kingdom,2021,,3,,air refuel system,air refuel system,1,?,2024,New,For modification of 3 Spanish A330 transport aircraft to A330 MRTT tanker/transport aircraft,10,30,10;;;;;;;;;
Sweden,United Kingdom,2014,,60,?,Raven ES-05,combat aircraft radar,3,?,2021;2024,New,For 60 Gripen-E combat aircraft produced in Sweden;incl production of components in Sweden,2.5,150,7.5;;;;;;;
Thailand,United Kingdom,2015,,1,,BVT-90,patrol ship,1,,2019,New,TBH2.9 b ($80 m) deal; produced under licence in Thailand;Thai designation Krabi,35,35,35;;;;;;;
Thailand,United Kingdom,2015,,250,?,Starstreak,SAM,250,?,2016;2017,New,,0.09,22.5,22.5;;;;;;;;
UAE,United Kingdom,2021,,2,,Seaspray,maritime patrol aircraft radar,2,,2024,New,For 2 GlobalEye AEW&C aircraft from Sweden;SeaSpray-7500E version,2,4,4;;;;;;;;
UAE,United Kingdom,2015,,2,,Seaspray,maritime patrol aircraft radar,2,,2020,New,For 2 GlobalEye AEW&C aircraft from Sweden;SeaSpray-7500E version,2,4,4;;;;;;;;
UAE,United Kingdom,2009,?,2,,AS-5,signals intelligence system,2,,2018;2019,New,For 2 Global Express-6000 transport from Canada aircraft modified in UK to SIGINT aircraft before delivery,7.5,15,15;;;;;;;;
UAE,United Kingdom,2021,,4,,Trent-700,turbofan,2,?,2024,New,Trent-772B version for 2 A-330 MRTT tanker/transport aircraft from France,6,24,12;;;;;;;;;
UAE,United Kingdom,2021,,2,,air refuel system,air refuel system,1,?,2024,New,For 2 A-330 MRTT tanker/transport aircraft from France,10,20,10;;;;;;;;;
UAE,United Kingdom,2017,,1,,Seaspray,maritime patrol aircraft radar,1,,2021,New,For 1 GlobalEye AEW&C/AGS aircraft from Sweden;SeaSpray-7500E version,2,2,2;;;;;;;;
Ukraine,United Kingdom,2024,,160,,MXT-MV,armoured personnel carrier,160,,2024,Second hand,Second-hand;aid after 2022 Russian invasion of Ukraine;Husky version,0.06,10.24,10.24;;;;;;;
Ukraine,United Kingdom,2022,,60,?,Cougar,armoured personnel carrier,60,?,2022,Second hand,Second-hand;aid after 2022 Russian invasion of Ukraine;Mastiff and Wolfhound versions,0.14,8.4,8.4;;;;;;;
Ukraine,United Kingdom,2022,,82,?,Spartan,armoured personnel carrier,82,?,2022;2023,Second hand,Second-hand; financed with Ukrainian private donations;  including Samaritan ambulance;Sultan command post and Samson recovery versions,0.1,8.2,8.2;;;;;
Ukraine,United Kingdom,2022,,6,,M-270 MLRS 227mm,multiple rocket launcher,6,?,2022,Second hand,Second-hand;aid after 2022 Russian invasion of Ukraine,0.48,2.88,2.88;;;;;;;;
Ukraine,United Kingdom,2022,,40,?,Spartan,armoured personnel carrier,40,?,2022,Second hand,Second-hand;aid after 2022 Russian invasion of Ukraine; including Samaritan ambulance;Sultan command post and Samson recovery versions,0.1,4,4;;;;;;
Ukraine,United Kingdom,2022,,14,,Spartan,armoured personnel carrier,14,,2022,Second hand,Second-hand; financed with Ukrainian private donations;incl Sultan command post and Samaritan ambulance versions,0.1,1.4,1.4;;;;;;;
Ukraine,United Kingdom,2022,,50,?,AIM-120C AMRAAM,long-range air-to-air missile,50,?,2022;2023,Second hand,Second-hand;aid after 2022 Russian invasion of Ukraine;for NASAMS SAM systems,0.24,12,12;;;;;;
Ukraine,United Kingdom,2022,,3,,Sea King HAR-3,transport helicopter,3,?,2022;2023,Second hand,Second-hand;aid after 2022 Russian invasion of Ukraine;Sea King HU-5 version;for SAR,2.7,8.1,8.1;;;;;
Ukraine,United Kingdom,2022,,50,?,Brimstone-2,air-to-surface missile,50,?,2022,New,Aid after 2022 Russian invasion of Ukraine,0.2,10,10;;;;;;;;;
Ukraine,United Kingdom,2022,,820,?,GMLRS,guided rocket,820,?,2022;2023,Second hand,Second-hand;aid after 2022 Russian invasion of Ukraine,0.03,26.24,26.24;;;;;;;
Ukraine,United Kingdom,2024,,1500,?,Paveway,guided bomb,1500,?,2024,Second hand,Second-hand;aid after 2022 Russian invasion of Ukraine;Paveway-4 version,0.01,12,12;;;;;;;
Ukraine,United Kingdom,2022,,300,?,LMM Martlet,anti-ship missile/ASM/SAM,300,?,2022,New,Aid after Russian invasion of Ukraine;for Stormer HVM SAM systems and portable launchers,0.1,30,30;;;;;;;;
Ukraine,United Kingdom,2023,?,21,?,Stormer,armoured personnel carrier,21,?,2023;2024,Second hand,Second-hand,0.12,2.52,2.52;;;;;;;;
Ukraine,United Kingdom,2024,,650,,LMM Martlet,anti-ship missile/ASM/SAM,50,?,2024,New,GBP162 m ($214 m) aid after 2022 Russian invasion of Ukraine,0.1,65,5;;;;;;;;;
Ukraine,United Kingdom,2022,?,5,?,Saracen,armoured personnel carrier,5,,2023,Second hand,Second-hand,0.08,0.4,0.4;;;;;;;;;
Ukraine,United Kingdom,2024,,16,?,AS-90B Mallet 155mm,self-propelled gun,16,?,2024,Second hand,Second-hand;aid after 2022 Russian invasion of Ukraine,0.8,12.8,12.8;;;;;;;;
Ukraine,United Kingdom,2024,,90,,Brimstone-2,air-to-surface missile,90,,2024,New,Aid after 2022 Russian invasion of Ukraine,0.2,18,18;;;;;;;;;
Ukraine,United Kingdom,2023,,30,?,BvS-10,armoured personnel carrier,30,?,2024,Second hand,Second-hand;aid after 2022 Russian invasion of Ukraine,0.1,3,3;;;;;;;;
Ukraine,United Kingdom,2022,?,2,?,Challenger ARRV,armoured recovery vehicle,2,,2023,Second hand,Second-hand;aid after 2022 Russian invasion of Ukraine,0.9,1.8,1.8;;;;;;;;
Ukraine,United Kingdom,2022,,90,?,Brimstone,air-to-surface missile,90,?,2022,New,Maritime Brimstone version;aid after 2022 Russian invasion of Ukraine,0.15,13.5,13.5;;;;;;;;
Ukraine,United Kingdom,2014,,75,,AT-105 Saxon,armoured personnel carrier,75,,2015,Second hand,Second-hand;GBP3.8 m deal,0.08,6,6;;;;;;;;
Ukraine,United Kingdom,2022,,15,?,Pinzgauer 6x6,armoured personnel carrier,15,?,2022;2023,Second hand,Second-hand;incl financed with UK private donations as aid after 2022 Russian invasion of Ukraine,0.06,0.96,0.96;;;;;;;
Ukraine,United Kingdom,2022,,400,?,ASRAAM,long-range air-to-air missile,400,?,2022;2023;2024,Second hand,Second-hand;aid after 2022 Russian invasion of Ukraine;for use as SAM,0.07,28.8,28.8;;;;;
Ukraine,United Kingdom,2023,,183,?,Spartan,armoured personnel carrier,183,?,2023;2024,Second hand,Second-hand;aid after 2022 Russian invasion of Ukraine,0.1,18.3,18.3;;;;;;;
Ukraine,United Kingdom,2021,?,2,,Sandown,minehunter,2,,2022,Second hand,Second-hand,18,36,36;;;;;;;;;
Ukraine,United Kingdom,2022,,60,?,L-118 105mm,towed gun,60,?,2022,Second hand,Second-hand;aid after 2022 Russian invasion of Ukraine;L-119 version,0.24,14.4,14.4;;;;;;;
Ukraine,United Kingdom,2022,,4,?,ARTHUR,artillery locating radar,4,?,2022,Second hand,Second-hand;part of GBP300 m aid after 2022 Russian invasion of Ukraine,1.6,6.4,6.4;;;;;;;;
Ukraine,United Kingdom,2022,?,32,,AS-90B Mallet 155mm,self-propelled gun,32,?,2023,Second hand,Second-hand;aid after 2022 Russian invasion of Ukraine,0.8,25.6,25.6;;;;;;;;
Ukraine,United Kingdom,2023,,100,?,Starstreak,SAM,100,?,2024,Second hand,Second-hand;aid after 2022 Russian invasion of Ukraine;designation uncertain (reported as 'ais defence missiles'),0.04,3.6,3.6;;;;;;;
Ukraine,United Kingdom,2022,,200,?,FGM-148 Javelin,anti-tank missile,200,?,2022,Second hand,Second-hand;aid after 2022 Russian invasion of Ukraine,0.01,2.4,2.4;;;;;;;;
Ukraine,United Kingdom,2022,,42,?,FV-432,armoured personnel carrier,42,?,2023;2024,Second hand,Second-hand;financed with private donations,0.12,5.04,5.04;;;;;;;
Ukraine,United Kingdom,2022,?,100,?,FV-432,armoured personnel carrier,100,?,2023,Second hand,Second-hand;aid after 2022 Russian invasion of Ukraine,0.12,12,12;;;;;;;;
Ukraine,United Kingdom,2022,,20,?,MXT-MV,armoured personnel carrier,20,?,2022,Second hand,Second-hand;aid after 2022 Russian invasion of Ukraine;Husky version,0.06,1.28,1.28;;;;;;;
Ukraine,United Kingdom,2022,,6,,Stormer HVM,mobile SAM system,6,,2022,Second hand,Second-hand;aid after 2022 Russian invasion of Ukraine,0.8,4.8,4.8;;;;;;;;
Ukraine,United Kingdom,2022,?,14,,Challenger-2,tank,14,,2023,Second hand,Second-hand;aid after 2022 Russian invasion of Ukraine,1.7,23.8,23.8;;;;;;;;
Ukraine,United Kingdom,2023,,11,,Bronco,armoured personnel carrier,11,?,2023;2024,Second hand,Second-hand; financed by German aid;Warthog ambulance version,0.12,1.32,1.32;;;;;;
Ukraine,United Kingdom,2023,,,?,Storm Shadow/SCALP-EG,air-to-surface missile,125,?,2023;2024,Second hand,Second-hand;aid after 2022 Russian invasion of Ukraine,0.26,0,32;;;;;;;
Ukraine,United Kingdom,2023,,,,Banshee Jet-80,one-way attack drone,20,?,2023;2024,New,Aid after 2022 Russian invasion of Ukraine;designation uncertain (reported as '200+km long-range attack drones'),0.05,0,1;;;;;;;
Ukraine,United Kingdom,2022,,800,?,Brimstone,air-to-surface missile,800,?,2022;2023,Second hand,Second-hand;aid after 2022 Russian invasion of Ukraine;for use from land-based launchers,0.06,48,48;;;;;;
Ukraine,United Kingdom,2022,,1800,?,Starstreak,SAM,1800,?,2022;2023,Second hand,Second-hand;aid after 2022 Russian invasion of Ukraine;for Stormer HVM SAM systems and portable launchers,0.04,64.8,64.8;;;;;;
United States,United Kingdom,2018,,18,,UFH/M-777 155mm,towed gun,18,?,2021,New,,1,18,18;;;;;;;;;
United States,United Kingdom,2007,,6,,MT-30,gas turbine,4,,2016;2019,New,For 3 Zumwalt (DDG-1000 or DDX) destroyers produced in USA,12,72,48;;;;;;;;
United States,United Kingdom,2021,,1,,Boeing-707,transport aircraft,1,,2021,Second hand,Second-hand (E-3D AEW aircraft but bought for training without AEW systems);$15 m deal,17.8,17.8,17.8;;;;;;;;
United States,United Kingdom,2004,,32,?,MT-30,gas turbine,26,,2015;2016;2017;2018;2019;2020;2022;2023;2024,New,For 16 LCS-1 (Freedom) frigates produced in USA,12,384,312;
United States,United Kingdom,2011,,179,?,air refuel system,air refuel system,89,?,2019;2020;2021;2022;2023;2024,New,Produced under licence in USA;for 179 KC-46 tanker/transport aircraft produced in USA,10,1790,890;;;
United States,United Kingdom,2019,,1,,C-130J Hercules,transport aircraft,1,,2020,Second hand,Second-hand;$30 m deal,16,16,16;;;;;;;;
Uruguay,United Kingdom,2024,,1,,EMB-120 Brasilia,transport aircraft,1,,2024,Second hand,Second-hand;$1.4 m deal;EMB-120RT version;Uruguayan designation C-120,2.5,2.5,2.5;;;;;;